JOIN_NAME,geography_type,median_home_value,home_ref,population,county_income,msa_income,ref_income,affordability_ratio,net_new_units_2021,net_new_units_2022,net_new_units_2023,net_new_units_2024,total_net_new_units,rate_2021,rate_2022,rate_2023,rate_2024,avg_annual_rate
ADELANTO,City,318300.0,Place,38010,82184,86031.0,86031.0,3.699829131359626,0.0,0.0,0.0,21.0,21.0,0.0,0.0,0.0,0.5524861878453039,0.13812154696132597
AGOURA HILLS,City,1072200.0,Place,19881,87760,93525.0,93525.0,11.464314354450682,5.0,6.0,16.0,28.0,55.0,0.2514964036014285,0.3017956843217142,0.8047884915245712,1.4083798601679995,0.6916151099039284
ALAMEDA,City,1203900.0,Place,76876,126240,133780.0,133780.0,8.999103004933472,34.0,35.0,964.0,96.0,1129.0,0.4422706696498257,0.4552786305218794,12.539674280659764,1.2487642437171549,3.671496956137156
ALBANY,City,1188600.0,Place,19768,126240,133780.0,133780.0,8.884736133951263,0.0,14.0,17.0,10.0,41.0,0.0,0.708215297450425,0.8599757183326588,0.5058680696074463,0.5185147713476326
ALHAMBRA,City,812700.0,Place,81483,87760,93525.0,93525.0,8.689655172413794,71.0,139.0,82.0,197.0,489.0,0.8713473976166808,1.7058772995594174,1.0063448817544765,2.4176822159223397,1.5003129487132285
ALISO VIEJO,City,863800.0,Place,51320,113702,93525.0,93525.0,9.236033146217588,0.0,0.0,0.0,0.0,0.0,0.0,0.0,0.0,0.0,0.0
ALTURAS,City,152600.0,Place,2703,56648,,56648.0,2.693828555288801,1.0,0.0,0.0,0.0,1.0,0.3699593044765076,0.0,0.0,0.0,0.0924898261191269
AMADOR CITY,City,356300.0,Place,222,81526,,81526.0,4.370384907882148,0.0,0.0,0.0,0.0,0.0,0.0,0.0,0.0,0.0,0.0
AMERICAN CANYON,City,660100.0,Place,21698,108970,108970.0,108970.0,6.0576305405157385,162.0,4.0,124.0,337.0,627.0,7.46612591022214,0.1843487879067195,5.714812425108305,15.531385381141119,7.224168126094571
ANAHEIM,City,771700.0,Place,344553,113702,93525.0,93525.0,8.25126971398022,77.0,681.0,822.0,474.0,2054.0,0.22347795549596144,1.9764738661396068,2.3856997326971467,1.3756954662998147,1.4903367551581326
ANDERSON,City,272000.0,Place,11282,71931,71931.0,71931.0,3.781401620997901,0.0,21.0,21.0,14.0,56.0,0.0,1.8613720971458962,1.8613720971458962,1.2409147314305973,1.2409147314305975
ANGELS,City,444400.0,Place,3721,79877,,79877.0,5.563553964219988,0.0,0.0,0.0,0.0,0.0,0.0,0.0,0.0,0.0,0.0
ANTIOCH,City,607400.0,Place,115759,125727,133780.0,133780.0,4.5402900284048435,367.0,859.0,315.0,432.0,1973.0,3.1703798408763038,7.420589327827642,2.721170708109089,3.731891256835322,4.261007783412089
APPLE VALLEY,City,377300.0,Place,75478,82184,86031.0,86031.0,4.385628436261348,110.0,40.0,18.0,0.0,168.0,1.457378308911206,0.529955748694984,0.2384800869127428,0.0,0.5564535361297331
ARCADIA,City,1336500.0,Place,55550,87760,93525.0,93525.0,14.290296712109061,47.0,37.0,38.0,88.0,210.0,0.846084608460846,0.666066606660666,0.6840684068406842,1.5841584158415842,0.9450945094509451
ARCATA,City,466600.0,Place,18578,61135,61135.0,61135.0,7.6322891960415475,8.0,172.0,109.0,54.0,343.0,0.43061685865001614,9.258262460975349,5.86715469910647,2.906663795887609,4.615674453654861
ARROYO GRANDE,City,758100.0,Place,18412,93398,93398.0,93398.0,8.116876164371828,25.0,18.0,15.0,23.0,81.0,1.3578101238322833,0.977623289159244,0.8146860742993699,1.2491853139257005,1.0998262003041495
ARTESIA,City,763700.0,Place,16044,87760,93525.0,93525.0,8.1657310879444,2.0,0.0,0.0,53.0,55.0,0.12465719272001995,0.0,0.0,3.3034156070805287,0.8570181999501372
ARVIN,City,247800.0,Place,19478,67660,67660.0,67660.0,3.6624297960390186,62.0,0.0,0.0,0.0,62.0,3.1830783447992603,0.0,0.0,0.0,0.7957695861998151
ATASCADERO,City,673400.0,Place,29735,93398,93398.0,93398.0,7.210004496884301,43.0,83.0,6.0,28.0,160.0,1.4461072809820077,2.791323356314108,0.20178241129981503,0.9416512527324702,1.3452160753321003
ATHERTON,City,2000001.0,Place,7021,156000,133780.0,133780.0,14.949925250411123,8.0,20.0,45.0,6.0,79.0,1.1394388263780089,2.848597065945022,6.4093433983763,0.8545791197835066,2.8129896026207093
ATWATER,City,340600.0,Place,32013,65044,65044.0,65044.0,5.2364553225508885,0.0,29.0,7.0,10.0,46.0,0.0,0.9058819854434136,0.21866116890013432,0.3123730984287633,0.3592290631930778
AUBURN,City,642400.0,Place,13758,114678,93986.0,93986.0,6.835060540931628,70.0,75.0,105.0,130.0,380.0,5.0879488297717685,5.451373746184038,7.631923244657654,9.449047826719,6.905073411833115
AVALON,City,902800.0,Place,3373,87760,93525.0,93525.0,9.653033948142207,0.0,1.0,0.0,4.0,5.0,0.0,0.2964719833975689,0.0,1.1858879335902757,0.37058997924696113
AVENAL,City,224800.0,Place,13441,68750,68750.0,68750.0,3.2698181818181817,0.0,13.0,11.0,10.0,34.0,0.0,0.9671899412246113,0.8183914887285172,0.7439922624804701,0.6323934231083996
AZUSA,City,607400.0,Place,49318,87760,93525.0,93525.0,6.49452018176958,0.0,0.0,192.0,171.0,363.0,0.0,0.0,3.893101910053125,3.467293888641064,1.8400989496735471
BAKERSFIELD,City,347300.0,Place,408366,67660,67660.0,67660.0,5.133018031333136,1900.0,635.0,1197.0,1784.0,5516.0,4.6526890093690465,1.5549776426049182,2.9311940759024995,4.368630101428621,3.376872707326271
BALDWIN PARK,City,588100.0,Place,70720,87760,93525.0,93525.0,6.288158246458166,0.0,76.0,89.0,48.0,213.0,0.0,1.074660633484163,1.2584841628959278,0.6787330316742081,0.7529694570135747
BANNING,City,322900.0,Place,30680,89672,86031.0,86031.0,3.753298229707896,0.0,0.0,116.0,0.0,116.0,0.0,0.0,3.7809647979139505,0.0,0.9452411994784876
BARSTOW,City,222600.0,Place,25198,82184,86031.0,86031.0,2.5874394113749695,0.0,0.0,2.0,3.0,5.0,0.0,0.0,0.07937137868084769,0.11905706802127153,0.04960711167552981
BEAUMONT,City,464000.0,Place,54817,89672,86031.0,86031.0,5.393404702955912,110.0,769.0,0.0,534.0,1413.0,2.0066767608588574,14.028494810004196,0.0,9.741503548169364,6.444168779758105
BELL,City,561400.0,Place,32830,87760,93525.0,93525.0,6.00267308206362,0.0,21.0,0.0,16.0,37.0,0.0,0.6396588486140725,0.0,0.487359122753579,0.2817544928419129
BELLFLOWER,City,661100.0,Place,77396,87760,93525.0,93525.0,7.068698209035017,36.0,36.0,1.0,68.0,141.0,0.4651403173290609,0.4651403173290609,0.012920564370251693,0.8785983771771151,0.45544989405137215
BELL GARDENS,City,527900.0,Place,38661,87760,93525.0,93525.0,5.644480085538626,52.0,16.0,33.0,42.0,143.0,1.3450247018959676,0.41385375442952843,0.8535733685109025,1.0863661053775122,0.9247044825534776
BELMONT,City,2000001.0,Place,27505,156000,133780.0,133780.0,14.949925250411123,9.0,9.0,20.0,464.0,502.0,0.32721323395746227,0.32721323395746227,0.7271405199054717,16.869660061806943,4.562806762406835
BELVEDERE,City,2000001.0,Place,2415,142785,133780.0,133780.0,14.949925250411123,2.0,1.0,5.0,-21.0,-13.0,0.8281573498964804,0.4140786749482402,2.070393374741201,-8.695652173913043,-1.3457556935817805
BENICIA,City,778600.0,Place,26861,99994,99994.0,99994.0,7.786467188031282,2.0,10.0,5.0,13.0,30.0,0.07445739175756673,0.3722869587878337,0.18614347939391684,0.48397304642418376,0.27921521909087527
BERKELEY,City,1351100.0,Place,120223,126240,133780.0,133780.0,10.099416953206758,320.0,803.0,684.0,630.0,2437.0,2.6617203031033996,6.679254385600093,5.689427147883516,5.240261846734818,5.067665920830457
BEVERLY HILLS,City,2000001.0,Place,31955,87760,93525.0,93525.0,21.38466720128308,-35.0,-61.0,2.0,24.0,-70.0,-1.095290251916758,-1.908934439054921,0.06258801439524332,0.7510561727429197,-0.5476451259583789
BIG BEAR LAKE,City,517900.0,Place,5038,82184,86031.0,86031.0,6.019923050993246,87.0,21.0,44.0,74.0,226.0,17.26875744342993,4.168320762207225,8.73362445414847,14.688368400158794,11.214767764986105
BIGGS,City,301800.0,Place,2254,68574,68574.0,68574.0,4.4010849593140255,0.0,0.0,0.0,0.0,0.0,0.0,0.0,0.0,0.0,0.0
BISHOP,City,405700.0,Place,3793,72432,72432.0,72432.0,5.601115529047934,7.0,10.0,17.0,22.0,56.0,1.8455048774057474,2.636435539151068,4.4819404165568155,5.800158186132349,3.6910097548114953
BLUE LAKE,City,460800.0,Place,997,61135,61135.0,61135.0,7.53741719146152,0.0,2.0,-1.0,0.0,1.0,0.0,2.0060180541624875,-1.0030090270812437,0.0,0.25075225677031093
BLYTHE,City,203800.0,Place,17824,89672,86031.0,86031.0,2.3689135311689973,-2.0,-1.0,3.0,-3.0,-3.0,-0.11220825852782765,-0.056104129263913824,0.16831238779174149,-0.16831238779174149,-0.042078096947935364
BRADBURY,City,1914100.0,Place,788,87760,93525.0,93525.0,20.466185511895215,0.0,1.0,0.0,-1.0,0.0,0.0,1.2690355329949237,0.0,-1.2690355329949237,0.0
BRAWLEY,City,270100.0,Place,26934,56393,56393.0,56393.0,4.789601546291206,227.0,0.0,0.0,0.0,227.0,8.42800920769288,0.0,0.0,0.0,2.10700230192322
BREA,City,874300.0,Place,47337,113702,93525.0,93525.0,9.3483025928896,3.0,677.0,19.0,8.0,707.0,0.06337537233031244,14.301709022540507,0.4013773580919788,0.16900099288083317,3.7338656864609083
BRENTWOOD,City,791600.0,Place,64609,125727,133780.0,133780.0,5.917177455523994,275.0,0.0,230.0,255.0,760.0,4.2563729511368384,0.0,3.5598755591326285,3.9468185546905232,2.9407667662399977
BRISBANE,City,1127200.0,Place,4718,156000,133780.0,133780.0,8.42577365824488,1.0,7.0,2.0,0.0,10.0,0.21195421788893598,1.483679525222552,0.42390843577787196,0.0,0.5298855447223401
BUELLTON,City,704200.0,Place,5090,95977,95977.0,95977.0,7.337174531398148,1.0,2.0,1.0,2.0,6.0,0.19646365422396855,0.3929273084479371,0.19646365422396855,0.3929273084479371,0.2946954813359528
BUENA PARK,City,771900.0,Place,83052,113702,93525.0,93525.0,8.253408179631114,98.0,58.0,135.0,219.0,510.0,1.1799836247170448,0.6983576554447816,1.625487646293888,2.636902181765641,1.5351827770553388
BURBANK,City,1041100.0,Place,105165,87760,93525.0,93525.0,11.131782945736434,380.0,840.0,103.0,70.0,1393.0,3.6133694670280034,7.987448295535587,0.9794133029049589,0.6656206912946322,3.3114629391907955
BURLINGAME,City,2000001.0,Place,30526,156000,133780.0,133780.0,14.949925250411123,17.0,142.0,197.0,443.0,799.0,0.556902312782546,4.651772259713032,6.453515036362445,14.51221909192164,6.543602175194915
CALABASAS,City,1453900.0,Place,22869,87760,93525.0,93525.0,15.54557604918471,0.0,0.0,5.0,3.0,8.0,0.0,0.0,0.2186365822729459,0.13118194936376754,0.08745463290917836
CALEXICO,City,281700.0,Place,38476,56393,56393.0,56393.0,4.995300835210044,28.0,39.0,66.0,83.0,216.0,0.7277263748830439,1.0136188793013827,1.7153550265100321,2.1571888969747377,1.4034722944172993
CALIFORNIA CITY,City,239600.0,Place,14821,67660,67660.0,67660.0,3.5412355897132723,0.0,0.0,0.0,0.0,0.0,0.0,0.0,0.0,0.0,0.0
CALIMESA,City,423300.0,Place,10680,89672,86031.0,86031.0,4.920319419744046,188.0,50.0,1.0,7.0,246.0,17.602996254681646,4.681647940074907,0.09363295880149813,0.6554307116104869,5.758426966292134
CALIPATRIA,City,172900.0,Place,6549,56393,56393.0,56393.0,3.0659833667299132,0.0,0.0,7.0,0.0,7.0,0.0,0.0,1.0688654756451366,0.0,0.26721636891128414
CALISTOGA,City,702700.0,Place,5159,108970,108970.0,108970.0,6.448563824905937,15.0,0.0,0.0,9.0,24.0,2.9075402209730568,0.0,0.0,1.744524132583834,1.1630160883892227
CAMARILLO,City,766100.0,Place,70244,107327,107327.0,107327.0,7.137998826017684,103.0,149.0,60.0,15.0,327.0,1.466317407892489,2.1211776094755423,0.8541654803257217,0.21354137008143043,1.1638004669437958
CAMPBELL,City,1550000.0,Place,42848,159674,157444.0,157444.0,9.844770204009045,284.0,316.0,353.0,-64381.0,-63428.0,6.628080657206871,7.374906646751307,8.238424197162061,-1502.5438760268858,-370.0756161314414
CANYON LAKE,City,647300.0,Place,11107,89672,86031.0,86031.0,7.524032034964141,0.0,0.0,2.0,11.0,13.0,0.0,0.0,0.18006662465112092,0.990366435581165,0.29260826505807147
CAPITOLA,City,746000.0,Place,9813,109266,109266.0,109266.0,6.827375395823037,1.0,4.0,12.0,1.0,18.0,0.1019056353816366,0.4076225415265464,1.2228676245796393,0.1019056353816366,0.4585753592173647
CARLSBAD,City,1156900.0,Place,114500,102285,102285.0,102285.0,11.310553844649753,382.0,218.0,56.0,233.0,889.0,3.3362445414847164,1.9039301310043668,0.48908296943231444,2.034934497816594,1.9410480349344978
CARMEL-BY-THE-SEA,City,2000001.0,Place,3186,94486,94486.0,94486.0,21.167167622716594,0.0,0.0,0.0,0.0,0.0,0.0,0.0,0.0,0.0,0.0
CARPINTERIA,City,965200.0,Place,13100,95977,95977.0,95977.0,10.056576054679766,14.0,9.0,0.0,17.0,40.0,1.0687022900763359,0.6870229007633588,0.0,1.297709923664122,0.7633587786259541
CARSON,City,645600.0,Place,93523,87760,93525.0,93525.0,6.902967121090618,13.0,19.0,67.0,65.0,164.0,0.13900323984474405,0.203158581311549,0.7164013130459888,0.6950161992237204,0.43839483335650054
CATHEDRAL CITY,City,420700.0,Place,52047,89672,86031.0,86031.0,4.890097755460241,0.0,0.0,0.0,0.0,0.0,0.0,0.0,0.0,0.0,0.0
CERES,City,397200.0,Place,48918,79661,79661.0,79661.0,4.986128720452919,0.0,0.0,0.0,26.0,26.0,0.0,0.0,0.0,0.5315016967169549,0.13287542417923873
CERRITOS,City,908600.0,Place,48340,87760,93525.0,93525.0,9.715049452018176,3.0,2.0,2.0,6.0,13.0,0.062060405461315686,0.041373603640877124,0.041373603640877124,0.12412081092263137,0.06723210591642532
CHICO,City,455300.0,Place,102032,68574,68574.0,68574.0,6.639542683816024,575.0,812.0,623.0,635.0,2645.0,5.635486906068684,7.958287596048299,6.105927552140505,6.22353771365846,6.480809941978986
CHINO,City,641500.0,Place,91775,82184,86031.0,86031.0,7.456614476177192,406.0,522.0,60.0,406.0,1394.0,4.423862707709071,5.687823481340234,0.6537728139471534,4.423862707709071,3.797330427676382
CHINO HILLS,City,830000.0,Place,78024,82184,86031.0,86031.0,9.647685136753031,27.0,23.0,17.0,94.0,161.0,0.3460473700399877,0.29478109299702654,0.21788167743258482,1.2047575105095867,0.5158669127447965
CHOWCHILLA,City,331500.0,Place,18876,75496,71897.0,71897.0,4.610762618746262,0.0,32.0,0.0,0.0,32.0,0.0,1.6952744225471499,0.0,0.0,0.42381860563678747
CHULA VISTA,City,697400.0,Place,275030,102285,102285.0,102285.0,6.818204037737694,774.0,1341.0,1062.0,1346.0,4523.0,2.8142384467149038,4.875831727447915,3.861396938515798,4.894011562375014,4.111369668763408
CITRUS HEIGHTS,City,432100.0,Place,87036,88724,93986.0,93986.0,4.59749324367459,77.0,187.0,120.0,149.0,533.0,0.8846913920676502,2.148536237878579,1.3787398317937405,1.7119352911438945,1.530975688220966
CLAREMONT,City,870800.0,Place,36553,87760,93525.0,93525.0,9.31087944399893,14.0,27.0,75.0,26.0,142.0,0.3830054988646623,0.7386534620961344,2.0518151724892624,0.7112959264629443,0.9711925149782509
CLAYTON,City,1017300.0,Place,10962,125727,133780.0,133780.0,7.6042756764837796,2.0,0.0,21.0,3.0,26.0,0.18244845831052725,0.0,1.9157088122605364,0.27367268746579093,0.5929574895092137
CLEARLAKE,City,204500.0,Place,16604,58738,58738.0,58738.0,3.4815621914263337,0.0,0.0,0.0,87.0,87.0,0.0,0.0,0.0,5.239701276800771,1.3099253192001927
CLOVERDALE,City,613400.0,Place,8933,102840,102840.0,102840.0,5.964605211979775,-6.0,16.0,3.0,1.0,14.0,-0.6716668532407926,1.7911116086421135,0.3358334266203963,0.1119444755401321,0.39180566439046227
CLOVIS,City,453300.0,Place,122719,71434,71897.0,71897.0,6.304852775498282,1167.0,577.0,643.0,1165.0,3552.0,9.509529901645221,4.701798417522959,5.239612447950195,9.49323250678379,7.2360433184755415
COACHELLA,City,341300.0,Place,42594,89672,86031.0,86031.0,3.9671746231009752,110.0,82.0,80.0,55.0,327.0,2.5825233600976665,1.9251537775273513,1.8781988073437574,1.2912616800488332,1.9192844062544023
COALINGA,City,254600.0,Place,17352,71434,71897.0,71897.0,3.541176961486571,0.0,0.0,0.0,0.0,0.0,0.0,0.0,0.0,0.0,0.0
COLFAX,City,397100.0,Place,2095,114678,93986.0,93986.0,4.225097354925202,-18175.0,9.0,0.0,1.0,-18165.0,-8675.417661097852,4.2959427207637235,0.0,0.47732696897374705,-2167.6610978520284
COLMA,City,1040900.0,Place,1441,156000,133780.0,133780.0,7.780684706234116,0.0,0.0,0.0,0.0,0.0,0.0,0.0,0.0,0.0,0.0
COLTON,City,411100.0,Place,53798,82184,86031.0,86031.0,4.778510071950809,0.0,0.0,21.0,48.0,69.0,0.0,0.0,0.3903490836090561,0.8922264768206997,0.32064389010743893
COLUSA,City,357400.0,Place,6439,75149,,75149.0,4.755884975182637,0.0,26.0,0.0,0.0,26.0,0.0,4.037894082932133,0.0,0.0,1.0094735207330332
COMMERCE,City,583200.0,Place,12072,87760,93525.0,93525.0,6.235765838011227,3.0,0.0,0.0,0.0,3.0,0.24850894632206758,0.0,0.0,0.0,0.062127236580516894
COMPTON,City,546700.0,Place,93525,87760,93525.0,93525.0,5.845495856722802,4.0,0.0,12.0,0.0,16.0,0.04276931301790965,0.0,0.12830793905372895,0.0,0.04276931301790965
CONCORD,City,755900.0,Place,124260,125727,133780.0,133780.0,5.650321423232172,58.0,126.0,203.0,91.0,478.0,0.46676323837115724,1.0140028971511348,1.6336713342990503,0.7323354257202639,0.9616932238854016
CORCORAN,City,220500.0,Place,22626,68750,68750.0,68750.0,3.207272727272727,0.0,15.0,24.0,11.0,50.0,0.0,0.6629541235746487,1.0607265977194378,0.48616635728807567,0.5524617696455405
CORNING,City,274600.0,Place,8168,61834,61834.0,61834.0,4.4409224698386005,7.0,0.0,33.0,27.0,67.0,0.8570029382957884,0.0,4.040156709108716,3.305582761998041,2.0506856023506366
CORONA,City,656500.0,Place,158839,89672,86031.0,86031.0,7.6309702316606804,427.0,167.0,304.0,264.0,1162.0,2.688256662406588,1.0513790693721317,1.9138876472402875,1.6620603252349864,1.828895926063498
CORONADO,City,1998900.0,Place,18558,102285,102285.0,102285.0,19.54245490541135,-1.0,-12.0,-6.0,8.0,-11.0,-0.05388511693070373,-0.646621403168445,-0.3233107015842225,0.43108093544562986,-0.14818407155943533
CORTE MADERA,City,1702000.0,Place,10101,142785,133780.0,133780.0,12.722380026909851,5.0,26.0,12.0,26.0,69.0,0.49500049500049503,2.574002574002574,1.1880011880011878,2.574002574002574,1.7077517077517075
COSTA MESA,City,1054700.0,Place,110538,113702,93525.0,93525.0,11.277198609997328,80.0,35.0,25.0,243.0,383.0,0.7237330148908068,0.316633194014728,0.2261665671533771,2.1983390327308254,0.8662179521974342
COTATI,City,702500.0,Place,7533,102840,102840.0,102840.0,6.830999611046286,30.0,20.0,3.0,1.0,54.0,3.9824771007566704,2.6549847338377806,0.39824771007566706,0.13274923669188904,1.7921146953405016
COVINA,City,666000.0,Place,50143,87760,93525.0,93525.0,7.121090617481957,21.0,29.0,180.0,166.0,396.0,0.4188022256346848,0.5783459306383743,3.5897333625830123,3.310531878826556,1.9743533494206567
CRESCENT CITY,City,290500.0,Place,6180,66780,66780.0,66780.0,4.350104821802935,0.0,0.0,0.0,0.0,0.0,0.0,0.0,0.0,0.0,0.0
CUDAHY,City,505300.0,Place,22325,87760,93525.0,93525.0,5.4028334669874365,4.0,55.0,-2.0,2.0,59.0,0.17917133258678614,2.463605823068309,-0.08958566629339307,0.08958566629339307,0.6606942889137738
CULVER CITY,City,1126900.0,Place,39993,87760,93525.0,93525.0,12.049184709970596,0.0,0.0,0.0,0.0,0.0,0.0,0.0,0.0,0.0,0.0
CUPERTINO,City,2000001.0,Place,58886,159674,157444.0,157444.0,12.702935646960189,24.0,2.0,-2.0,114.0,138.0,0.40756716367218015,0.03396393030601501,-0.03396393030601501,1.9359440274428557,0.5858777977787589
CYPRESS,City,870100.0,Place,49531,113702,93525.0,93525.0,9.303394814220797,77.0,61.0,93.0,0.0,231.0,1.5545819789626698,1.231551957360037,1.8776120005653025,0.0,1.1659364842220024
DALY CITY,City,1092700.0,Place,102560,156000,133780.0,133780.0,8.167887576618329,0.0,0.0,0.0,0.0,0.0,0.0,0.0,0.0,0.0,0.0
DANA POINT,City,1200900.0,Place,32883,113702,93525.0,93525.0,12.840417000801924,99.0,137.0,15.0,-3.0,248.0,3.0106742085576137,4.166286531034273,0.4561627588723656,-0.09123255177447313,1.8854727366724449
DANVILLE,City,1583300.0,Place,43426,125727,133780.0,133780.0,11.835102406936763,168.0,10.0,27.0,58.0,263.0,3.8686501174411645,0.2302767927048312,0.6217473403030442,1.3356053976880211,1.5140699120342653
DAVIS,City,829000.0,Place,66801,88818,93986.0,93986.0,8.820462622092652,48.0,60.0,311.0,412.0,831.0,0.7185521174832712,0.898190146854089,4.6556189278603615,6.167572341731411,3.109983383482283
DELANO,City,270300.0,Place,50835,67660,67660.0,67660.0,3.9949748743718594,133.0,0.0,0.0,0.0,133.0,2.616307662043867,0.0,0.0,0.0,0.6540769155109668
DEL MAR,City,2000001.0,Place,3921,102285,102285.0,102285.0,19.553218947059687,6.0,19.0,23.0,21.0,69.0,1.530221882172915,4.845702626880898,5.865850548329507,5.355776587605202,4.39938791124713
DEL REY OAKS,City,844000.0,Place,1556,94486,94486.0,94486.0,8.932540270516267,0.0,0.0,3.0,2.0,5.0,0.0,0.0,1.9280205655526992,1.2853470437017993,0.8033419023136246
DESERT HOT SPRINGS,City,309300.0,Place,32786,89672,86031.0,86031.0,3.595215678069533,57.0,121.0,158.0,92.0,428.0,1.7385469407674008,3.690599646190447,4.819130116513146,2.8060757640456293,3.2635881168791556
DIAMOND BAR,City,867000.0,Place,53750,87760,93525.0,93525.0,9.270248596631916,3.0,10.0,18.0,39.0,70.0,0.05581395348837209,0.18604651162790697,0.33488372093023255,0.7255813953488373,0.32558139534883723
DINUBA,City,267300.0,Place,25201,69489,69489.0,69489.0,3.846651988084445,68.0,107.0,71.0,79.0,325.0,2.698305622792746,4.2458632593944685,2.817348517915956,3.134796238244514,3.2240784095869213
DIXON,City,575600.0,Place,19158,99994,99994.0,99994.0,5.756345380722843,104.0,183.0,191.0,116.0,594.0,5.428541601419773,9.55214531788287,9.969725441069004,6.054911786198977,7.7513310366426555
DORRIS,City,120100.0,Place,810,55499,,55499.0,2.1640029550081983,0.0,0.0,0.0,0.0,0.0,0.0,0.0,0.0,0.0,0.0
DOS PALOS,City,285300.0,Place,5757,65044,65044.0,65044.0,4.386261607527213,1.0,1.0,0.0,0.0,2.0,0.17370158068438424,0.17370158068438424,0.0,0.0,0.08685079034219212
DOWNEY,City,728500.0,Place,111793,87760,93525.0,93525.0,7.789361133386795,-5.0,105.0,100.0,157.0,357.0,-0.044725519486908845,0.9392359092250857,0.8945103897381768,1.4043813118889374,0.7983505228413228
DUARTE,City,710700.0,Place,21921,87760,93525.0,93525.0,7.599037690457097,5.0,22.0,359.0,19.0,405.0,0.2280917841339355,1.003603850189316,16.376990100816567,0.8667487797089549,4.618858628712194
DUBLIN,City,1224100.0,Place,70542,126240,133780.0,133780.0,9.150097174465541,243.0,313.0,459.0,247.0,1262.0,3.444756315386578,4.437072949448556,6.506761929063537,3.5014601230472624,4.472512829236483
DUNSMUIR,City,262800.0,Place,1519,55499,,55499.0,4.735220454422603,0.0,0.0,0.0,0.0,0.0,0.0,0.0,0.0,0.0,0.0
EAST PALO ALTO,City,1124000.0,Place,29143,156000,133780.0,133780.0,8.401853789804155,9.0,-142.0,110.0,28.0,5.0,0.308822015578355,-4.872525134680712,3.774491301513228,0.9607796040215489,0.04289194660810483
EASTVALE,City,752000.0,Place,70179,89672,86031.0,86031.0,8.741035208238891,71.0,0.0,7.0,0.0,78.0,1.011698656293193,0.0,0.09974493794439933,0.0,0.2778608985593981
EL CAJON,City,632800.0,Place,104909,102285,102285.0,102285.0,6.186635381531994,164.0,38.0,50.0,83.0,335.0,1.563259586880058,0.3622186847648915,0.4766035325853835,0.7911618640917366,0.7983109170805175
EL CENTRO,City,291100.0,Place,44186,56393,56393.0,56393.0,5.161988190023584,106.0,6.0,38.0,265.0,415.0,2.398949893631467,0.1357896166206491,0.8600009052641109,5.997374734078668,2.348028787398724
EL CERRITO,City,1107500.0,Place,25781,125727,133780.0,133780.0,8.278516968156675,96.0,27.0,189.0,25.0,337.0,3.723672471975486,1.0472828827431055,7.330980179201737,0.9697063729102828,3.267910476707653
ELK GROVE,City,603400.0,Place,177221,88724,93986.0,93986.0,6.420105122039453,766.0,695.0,806.0,1071.0,3338.0,4.322286862166448,3.921657139955197,4.547993747919265,6.043301866031678,4.708809904018146
EL MONTE,City,626000.0,Place,107066,87760,93525.0,93525.0,6.69339748730286,22.0,22.0,42.0,71.0,157.0,0.20548073151140417,0.20548073151140417,0.3922813965217716,0.6631423607868044,0.36659630508284613
EL PASO DE ROBLES (PASO ROBLES),City,648400.0,Place,31399,93398,93398.0,93398.0,6.9423328122657875,0.0,0.0,0.0,0.0,0.0,0.0,0.0,0.0,0.0,0.0
EL SEGUNDO,City,1521600.0,Place,16863,87760,93525.0,93525.0,16.26944667201283,0.0,0.0,-2.0,-1.0,-3.0,0.0,0.0,-0.11860285832888573,-0.059301429164442865,-0.04447607187333215
EMERYVILLE,City,598300.0,Place,12756,126240,133780.0,133780.0,4.472267902526536,59.0,199.0,499.0,22.0,779.0,4.625274380683599,15.600501724678582,39.11884603323926,1.7246785826277828,15.267325180307305
ENCINITAS,City,1466000.0,Place,61585,102285,102285.0,102285.0,14.33250232194359,154.0,110.0,109.0,245.0,618.0,2.500608914508403,1.7861492246488593,1.7699115044247788,3.978241454899732,2.5087277746204433
ESCALON,City,461700.0,Place,7429,88531,88531.0,88531.0,5.21512238650868,3.0,3.0,0.0,2.0,8.0,0.4038228563736707,0.4038228563736707,0.0,0.26921523758244714,0.26921523758244714
ESCONDIDO,City,663500.0,Place,149913,102285,102285.0,102285.0,6.48677714229848,206.0,239.0,182.0,245.0,872.0,1.3741303289241094,1.5942580029750588,1.2140374750688732,1.634281216438868,1.4541767558517273
ETNA,City,238400.0,Place,701,55499,,55499.0,4.295572893205283,0.0,0.0,0.0,0.0,0.0,0.0,0.0,0.0,0.0,0.0
EUREKA,City,375800.0,Place,26302,61135,61135.0,61135.0,6.147051607099043,17.0,54.0,70.0,68.0,209.0,0.6463386814690898,2.053075811725344,2.6613945707550757,2.585354725876359,1.9865409474564673
EXETER,City,273500.0,Place,10280,69489,69489.0,69489.0,3.935874742765042,1.0,0.0,9.0,1.0,11.0,0.09727626459143969,0.0,0.8754863813229572,0.09727626459143969,0.26750972762645914
FAIRFAX,City,1121500.0,Place,7523,142785,133780.0,133780.0,8.38316639258484,14.0,10.0,2.0,8.0,34.0,1.8609597235145552,1.3292569453675396,0.2658513890735079,1.0634055562940317,1.1298684035624087
FAIRFIELD,City,592500.0,Place,119985,99994,99994.0,99994.0,5.92535552133128,398.0,618.0,621.0,281.0,1918.0,3.317081301829395,5.15064383047881,5.1756469558694835,2.3419594115931157,3.996332874942701
FARMERSVILLE,City,237700.0,Place,10336,69489,69489.0,69489.0,3.4206852883190146,2.0,0.0,0.0,2.0,4.0,0.19349845201238391,0.0,0.0,0.19349845201238391,0.09674922600619196
FERNDALE,City,496000.0,Place,1525,61135,61135.0,61135.0,8.113192115809275,4.0,7.0,0.0,2.0,13.0,2.622950819672131,4.590163934426229,0.0,1.3114754098360655,2.1311475409836063
FILLMORE,City,567500.0,Place,16665,107327,107327.0,107327.0,5.287579080753212,96.0,203.0,0.0,0.0,299.0,5.7605760576057605,12.181218121812181,0.0,0.0,4.485448544854485
FIREBAUGH,City,235100.0,Place,8301,71434,71897.0,71897.0,3.269955630972085,68.0,2.0,33.0,24.0,127.0,8.19178412239489,0.24093482712926154,3.9754246476328152,2.8912179255511385,3.824840380677027
FOLSOM,City,702200.0,Place,82140,88724,93986.0,93986.0,7.4713255165662975,758.0,987.0,1011.0,589.0,3345.0,9.228147065984905,12.016070124178231,12.308254200146092,7.170684197711225,10.180788897005112
FONTANA,City,558500.0,Place,211921,82184,86031.0,86031.0,6.4918459625018885,76.0,661.0,196.0,795.0,1728.0,0.3586242043025467,3.1190868295260974,0.9248729479381468,3.75139792658585,2.0384954770881603
FORT BRAGG,City,481200.0,Place,7001,64688,64688.0,64688.0,7.438783081869898,0.0,2.0,31.0,6.0,39.0,0.0,0.28567347521782605,4.427938865876303,0.857020425653478,1.3926581916869019
FORT JONES,City,212700.0,Place,616,55499,,55499.0,3.8325014865132707,0.0,0.0,0.0,0.0,0.0,0.0,0.0,0.0,0.0,0.0
FORTUNA,City,353200.0,Place,12413,61135,61135.0,61135.0,5.777377934080314,17.0,46.0,17.0,21.0,101.0,1.369531942318537,3.7057923145089826,1.369531942318537,1.6917747522758397,2.034157737855474
FOSTER CITY,City,1774500.0,Place,32964,156000,133780.0,133780.0,13.264314546269995,0.0,0.0,0.0,0.0,0.0,0.0,0.0,0.0,0.0,0.0
FOUNTAIN VALLEY,City,1018600.0,Place,56358,113702,93525.0,93525.0,10.891205560010693,26.0,91.0,125.0,48.0,290.0,0.4613364562262678,1.6146775967919371,2.2179637318570564,0.8516980730331097,1.286418964477093
FOWLER,City,352100.0,Place,6930,71434,71897.0,71897.0,4.897283614059001,53.0,119.0,71.0,70.0,313.0,7.647907647907648,17.17171717171717,10.245310245310245,10.101010101010102,11.291486291486292
FREMONT,City,1289400.0,Place,228518,126240,133780.0,133780.0,9.638211989834057,1633.0,1398.0,266.0,520.0,3817.0,7.146045388109471,6.1176800077018,1.1640220901635758,2.27553190558293,4.175819847889444
FRESNO,City,348500.0,Place,543615,71434,71897.0,71897.0,4.847211983810173,1708.0,1657.0,1790.0,1566.0,6721.0,3.14192949054018,3.048113094745362,3.292771538680868,2.8807152120526474,3.0908823340047644
FULLERTON,City,859600.0,Place,141278,113702,93525.0,93525.0,9.191125367548784,536.0,116.0,119.0,623.0,1394.0,3.7939381927830236,0.8210761760500573,0.8423109047410071,4.409745324820567,2.4667676495986637
GALT,City,465700.0,Place,25665,88724,93986.0,93986.0,4.954993296874003,54.0,131.0,118.0,174.0,477.0,2.104032729398013,5.104227547243327,4.597701149425287,6.779661016949152,4.646405610753945
GARDENA,City,667600.0,Place,59765,87760,93525.0,93525.0,7.138198342689121,51.0,42.0,18.0,45.0,156.0,0.8533422571739312,0.702752447084414,0.30117962017903455,0.7529490504475864,0.6525558437212415
GARDEN GROVE,City,765500.0,Place,170603,113702,93525.0,93525.0,8.184977278802458,221.0,65.0,769.0,269.0,1324.0,1.2954051218325586,0.3810015064213408,4.507540899046324,1.5767600804206257,1.9401769019302124
GILROY,City,975800.0,Place,58561,159674,157444.0,157444.0,6.197759203272275,0.0,126.0,0.0,320.0,446.0,0.0,2.1516026024145765,0.0,5.464387561687813,1.9039975410255974
GLENDALE,City,1043900.0,Place,192270,87760,93525.0,93525.0,11.16172146484897,275.0,490.0,387.0,422.0,1574.0,1.4302803349456492,2.548499505903157,2.012794507723514,2.1948301867165965,2.046601133822229
GLENDORA,City,820800.0,Place,51350,87760,93525.0,93525.0,8.776263031275061,24.0,11.0,83.0,7.0,125.0,0.4673807205452775,0.21421616358325218,1.6163583252190847,0.13631937682570594,0.6085686465433301
GOLETA,City,1002500.0,Place,32693,95977,95977.0,95977.0,10.445210831761777,40.0,204.0,17.0,88.0,349.0,1.2235035022787752,6.239867861621754,0.5199889884684795,2.6917077050133056,2.6687670143455784
GONZALES,City,593900.0,Place,8526,94486,94486.0,94486.0,6.285587282772051,4.0,5.0,7.0,10.0,26.0,0.4691531785127844,0.5864414731409805,0.8210180623973727,1.172882946281961,0.7623739150832747
GRAND TERRACE,City,465800.0,Place,13069,82184,86031.0,86031.0,5.41432739361393,2.0,2.0,1.0,1.0,6.0,0.15303389700818731,0.15303389700818731,0.07651694850409366,0.07651694850409366,0.11477542275614047
GRASS VALLEY,City,458400.0,Place,14126,84905,84905.0,84905.0,5.398975325363642,73.0,14.0,32.0,6.0,125.0,5.167775732691491,0.9910802775024776,2.265326348577092,0.42474869035820473,2.2122327622823166
GREENFIELD,City,462400.0,Place,19759,94486,94486.0,94486.0,4.893846707448723,0.0,0.0,0.0,84.0,84.0,0.0,0.0,0.0,4.251227288830407,1.0628068222076017
GRIDLEY,City,297700.0,Place,7372,68574,68574.0,68574.0,4.34129553475078,15.0,88.0,0.0,0.0,103.0,2.0347259902333152,11.937059142702116,0.0,0.0,3.492946283233858
GROVER BEACH,City,691900.0,Place,12687,93398,93398.0,93398.0,7.408081543502002,35.0,35.0,60.0,76.0,206.0,2.7587294080554896,2.7587294080554896,4.729250413809411,5.990383857491921,4.059273271853078
GUADALUPE,City,452100.0,Place,8422,95977,95977.0,95977.0,4.710503558144139,0.0,34.0,30.0,7.0,71.0,0.0,4.0370458323438605,3.562099263832819,0.8311564948943244,2.107575397767751
GUSTINE,City,422500.0,Place,6118,65044,65044.0,65044.0,6.495602976446713,6.0,0.0,0.0,1.0,7.0,0.9807126511932004,0.0,0.0,0.16345210853220007,0.28604118993135014
HALF MOON BAY,City,1467000.0,Place,11454,156000,133780.0,133780.0,10.965764688294215,14.0,13.0,19.0,24.0,70.0,1.2222804260520341,1.1349746813340318,1.6588091496420463,2.095337873232059,1.5278505325650427
HANFORD,City,323600.0,Place,59389,68750,68750.0,68750.0,4.7069090909090905,109.0,357.0,160.0,408.0,1034.0,1.835356715890148,6.011214197915439,2.6941016013066394,6.86995908333193,4.35265789961104
HAWAIIAN GARDENS,City,509600.0,Place,13816,87760,93525.0,93525.0,5.44881047848169,9.0,2.0,13.0,3.0,27.0,0.6514186450492183,0.1447596988998263,0.9409380428488708,0.21713954834973942,0.4885639837869137
HAWTHORNE,City,813700.0,Place,85933,87760,93525.0,93525.0,8.70034750066827,-4.0,-1.0,21.0,32.0,48.0,-0.046547891962342755,-0.011636972990585689,0.24437643280229945,0.37238313569874204,0.13964367588702825
HAYWARD,City,820700.0,Place,159201,126240,133780.0,133780.0,6.134698759156825,340.0,659.0,431.0,437.0,1867.0,2.135664976978788,4.1394212347912385,2.707269426699581,2.7449576321756775,2.9318283176613216
HEALDSBURG,City,946900.0,Place,11274,102840,102840.0,102840.0,9.207506806690004,-5.0,26.0,84.0,263.0,368.0,-0.4434983147064041,2.3061912364733015,7.450771687067589,23.328011353556857,8.160368990597835
HEMET,City,314200.0,Place,90646,89672,86031.0,86031.0,3.652171891527473,416.0,565.0,892.0,1251.0,3124.0,4.58928138031463,6.233038413167708,9.840478344328487,13.800939920128853,8.61593451448492
HERCULES,City,741200.0,Place,26245,125727,133780.0,133780.0,5.540439527582598,235.0,3.0,0.0,0.0,238.0,8.954086492665269,0.1143074871404077,0.0,0.0,2.2670984949514192
HERMOSA BEACH,City,2000001.0,Place,19248,87760,93525.0,93525.0,21.38466720128308,23.0,-22.0,11.0,45.0,57.0,1.1949293433083958,-1.142975893599335,0.5714879467996675,2.337905236907731,0.7403366583541148
HESPERIA,City,366800.0,Place,100141,82184,86031.0,86031.0,4.263579407422906,0.0,-30330.0,-30088.0,-5784.0,-66202.0,0.0,-302.8729491417102,-300.45635653728243,-57.758560429793995,-165.27196652719664
HIDDEN HILLS,City,2000001.0,Place,2079,87760,93525.0,93525.0,21.38466720128308,-7.0,-4.0,12.0,11.0,12.0,-3.3670033670033668,-1.9240019240019242,5.772005772005772,5.291005291005291,1.443001443001443
HIGHLAND,City,455200.0,Place,56690,82184,86031.0,86031.0,5.291115993072265,7.0,90.0,80.0,301.0,478.0,0.12347856764861528,1.587581584053625,1.4111836302698888,5.309578408890457,2.1079555477156466
HILLSBOROUGH,City,2000001.0,Place,11122,156000,133780.0,133780.0,14.949925250411123,17.0,1.0,7.0,48.0,73.0,1.528502067973386,0.08991188635137565,0.6293832044596295,4.315770544866032,1.6408919259126058
HOLLISTER,City,679300.0,Place,43003,108289,157444.0,157444.0,4.3145499352150605,388.0,254.0,157.0,233.0,1032.0,9.022626328395694,5.906564658279655,3.6509080761807313,5.418226635351021,5.999581424551775
HOLTVILLE,City,268800.0,Place,5606,56393,56393.0,56393.0,4.76654903977444,0.0,0.0,0.0,0.0,0.0,0.0,0.0,0.0,0.0,0.0
HUGHSON,City,480100.0,Place,7541,79661,79661.0,79661.0,6.026788516337982,25.0,53.0,30.0,30.0,138.0,3.3152101843256863,7.028245590770455,3.9782522211908233,3.9782522211908233,4.574990054369447
HUNTINGTON BEACH,City,1047300.0,Place,196010,113702,93525.0,93525.0,11.198075380914194,0.0,0.0,0.0,0.0,0.0,0.0,0.0,0.0,0.0,0.0
HUNTINGTON PARK,City,557600.0,Place,53658,87760,93525.0,93525.0,5.9620422346966055,0.0,0.0,0.0,0.0,0.0,0.0,0.0,0.0,0.0,0.0
HURON,City,236500.0,Place,6425,71434,71897.0,71897.0,3.2894279316244073,0.0,0.0,0.0,72.0,72.0,0.0,0.0,0.0,11.206225680933853,2.8015564202334633
IMPERIAL,City,344700.0,Place,20943,56393,56393.0,56393.0,6.112460766407178,176.0,79.0,295.0,0.0,550.0,8.403762593706729,3.772143436947906,14.085852074678892,0.0,6.565439526333382
IMPERIAL BEACH,City,811000.0,Place,25897,102285,102285.0,102285.0,7.928826318619543,2.0,22.0,28.0,29.0,81.0,0.07722902266671816,0.8495192493338997,1.081206317334054,1.1198208286674132,0.7819438545005213
INDIAN WELLS,City,1002200.0,Place,4830,89672,86031.0,86031.0,11.649289209703479,35.0,44.0,91.0,58.0,228.0,7.246376811594203,9.109730848861282,18.84057971014493,12.008281573498964,11.801242236024844
INDIO,City,424700.0,Place,90669,89672,86031.0,86031.0,4.9365926235891715,407.0,258.0,147.0,54.0,866.0,4.488855066229913,2.8455150051285445,1.6212818052476592,0.5955729080501605,2.3878061961640693
INDUSTRY,City,783300.0,County,181,87760,93525.0,93525.0,8.375300721732158,0.0,0.0,0.0,0.0,0.0,0.0,0.0,0.0,0.0,0.0
INGLEWOOD,City,744300.0,Place,105575,87760,93525.0,93525.0,7.958299919807538,293.0,250.0,2.0,0.0,545.0,2.7752782382192756,2.3679848448969927,0.01894387875917594,0.0,1.2905517404688611
IONE,City,448300.0,Place,5306,81526,,81526.0,5.498859259622697,84.0,22.0,31.0,46.0,183.0,15.8311345646438,4.1462495288352805,5.842442517904259,8.669430833019224,8.622314361100642
IRVINE,City,1115400.0,Place,308160,113702,93525.0,93525.0,11.926222935044105,2231.0,1797.0,1368.0,1026.0,6422.0,7.239745586708203,5.831386292834891,4.4392523364485985,3.3294392523364484,5.209955867082035
IRWINDALE,City,645800.0,Place,1352,87760,93525.0,93525.0,6.905105586741513,0.0,0.0,0.0,0.0,0.0,0.0,0.0,0.0,0.0,0.0
ISLETON,City,316900.0,Place,649,88724,93986.0,93986.0,3.371778775562318,0.0,0.0,0.0,0.0,0.0,0.0,0.0,0.0,0.0,0.0
JACKSON,City,432600.0,Place,5061,81526,,81526.0,5.30628265829306,0.0,0.0,1.0,5.0,6.0,0.0,0.0,0.19758940920766646,0.9879470460383323,0.2963841138114997
JURUPA VALLEY,City,538700.0,Place,106244,89672,86031.0,86031.0,6.261696365263684,222.0,163.0,160.0,27.0,572.0,2.0895297616806596,1.534204284477241,1.5059673958058808,0.2541319980422424,1.345958360001506
KERMAN,City,331500.0,Place,16492,71434,71897.0,71897.0,4.610762618746262,75.0,144.0,49.0,32.0,300.0,4.547659471258792,8.731506184816881,2.9711375212224107,1.9403347077370845,4.547659471258791
KING CITY,City,395800.0,Place,13512,94486,94486.0,94486.0,4.188980378045425,0.0,0.0,0.0,0.0,0.0,0.0,0.0,0.0,0.0,0.0
KINGSBURG,City,356900.0,Place,12589,71434,71897.0,71897.0,4.964045787724105,0.0,0.0,0.0,41.0,41.0,0.0,0.0,0.0,3.256811502105012,0.814202875526253
LA CAÃÂ±ADA FLINTRIDGE,City,2000001.0,Place,20094,87760,93525.0,93525.0,21.38466720128308,0.0,0.0,0.0,0.0,0.0,0.0,0.0,0.0,0.0,0.0
LAFAYETTE,City,2000001.0,Place,25277,125727,133780.0,133780.0,14.949925250411123,6.0,70.0,49.0,40.0,165.0,0.2373699410531313,2.7693159789531987,1.938521185267239,1.5824662736875421,1.6319183447402779
LAGUNA BEACH,City,2000001.0,Place,22777,113702,93525.0,93525.0,21.38466720128308,20.0,32.0,79.0,66.0,197.0,0.8780787636651008,1.4049260218641613,3.468411116477148,2.8976599200948328,2.162268955525311
LAGUNA HILLS,City,944000.0,Place,30921,113702,93525.0,93525.0,10.093557872226677,2.0,3.0,1.0,5.0,11.0,0.06468096115908283,0.09702144173862425,0.03234048057954141,0.16170240289770707,0.08893632159373889
LAGUNA NIGUEL,City,1123000.0,Place,64023,113702,93525.0,93525.0,12.007484629778133,2.0,7.0,262.0,311.0,582.0,0.03123877356574981,0.10933570748012432,4.092279337113225,4.857629289474096,2.2726207769082984
LAGUNA WOODS,City,364900.0,Place,17342,113702,93525.0,93525.0,3.9016305800588076,0.0,0.0,0.0,0.0,0.0,0.0,0.0,0.0,0.0,0.0
LA HABRA,City,716700.0,Place,62233,113702,93525.0,93525.0,7.663191659983961,27.0,35.0,68.0,144.0,274.0,0.4338534218180065,0.5624025838381566,1.092667877171276,2.3138849163627015,1.100702199797535
LA HABRA HEIGHTS,City,1114100.0,Place,5546,87760,93525.0,93525.0,11.912322908313286,7.0,0.0,1.0,1.0,9.0,1.2621709340064913,0.0,0.18031013342949875,0.18031013342949875,0.4056978002163722
LAKE ELSINORE,City,505700.0,Place,71516,89672,86031.0,86031.0,5.878113703200009,441.0,238.0,21.0,197.0,897.0,6.166452262430785,3.3279266178197884,0.2936405839252754,2.7546283349180603,3.1356619497734775
LAKE FOREST,City,876300.0,Place,85846,113702,93525.0,93525.0,9.369687249398556,411.0,343.0,362.0,180.0,1296.0,4.787642988607507,3.9955268737040743,4.216853435221211,2.0967779512149662,3.7742003121869394
LAKEPORT,City,327600.0,Place,5085,58738,58738.0,58738.0,5.577309407879056,75.0,1.0,6.0,8.0,90.0,14.749262536873156,0.19665683382497542,1.1799410029498525,1.5732546705998034,4.424778761061947
LAKEWOOD,City,774100.0,Place,80510,87760,93525.0,93525.0,8.276931301790965,65.0,44.0,107.0,94.0,310.0,0.8073531238355484,0.5465159607502174,1.3290274500062105,1.1675568252391006,0.9626133399577692
LA MESA,City,738800.0,Place,60835,102285,102285.0,102285.0,7.2229554675661145,186.0,40.0,141.0,120.0,487.0,3.057450480808745,0.6575162324319882,2.317744719322758,1.9725486972959647,2.001315032464864
LA MIRADA,City,763200.0,Place,46945,87760,93525.0,93525.0,8.160384923817162,0.0,10.0,21.0,2.0,33.0,0.0,0.2130152305889871,0.4473319842368729,0.04260304611779742,0.17573756523591436
LANCASTER,City,409100.0,Place,170013,87760,93525.0,93525.0,4.37423148890671,26.0,297.0,326.0,1106.0,1755.0,0.15292948186315164,1.7469252351290785,1.9175004264379782,6.505384882332527,2.580685006440684
LA PALMA,City,916600.0,Place,15375,113702,93525.0,93525.0,9.800588078053996,0.0,0.0,2.0,1.0,3.0,0.0,0.0,0.13008130081300812,0.06504065040650406,0.048780487804878044
LA PUENTE,City,593200.0,Place,37404,87760,93525.0,93525.0,6.342689120556001,97.0,45.0,34.0,42.0,218.0,2.593305528820447,1.2030798845043311,0.9089936905143835,1.1228745588707092,1.4570634156774676
LA QUINTA,City,612800.0,Place,38299,89672,86031.0,86031.0,7.123013797352117,0.0,0.0,446.0,331.0,777.0,0.0,0.0,11.645212668738088,8.642523303480509,5.07193399305465
LARKSPUR,City,1805100.0,Place,12856,142785,133780.0,133780.0,13.493048288234414,0.0,5.0,51.0,10.0,66.0,0.0,0.38892345986309895,3.9670192906036092,0.7778469197261979,1.2834474175482264
LATHROP,City,605000.0,Place,32696,88531,88531.0,88531.0,6.833764444093029,0.0,-2.0,0.0,0.0,-2.0,0.0,-0.06116956202593589,0.0,0.0,-0.015292390506483972
LA VERNE,City,793900.0,Place,30804,87760,93525.0,93525.0,8.488639401229618,15.0,2.0,14.0,12.0,43.0,0.4869497467861317,0.06492663290481755,0.4544864303337229,0.38955979742890534,0.3489806518633944
LAWNDALE,City,726000.0,Place,31113,87760,93525.0,93525.0,7.762630312750601,2.0,0.0,0.0,-5.0,-3.0,0.06428181146144699,0.0,0.0,-0.16070452865361745,-0.024105679298042616
LEMON GROVE,City,640600.0,Place,27489,102285,102285.0,102285.0,6.262892897296769,0.0,0.0,0.0,160.0,160.0,0.0,0.0,0.0,5.820510022190694,1.4551275055476736
LEMOORE,City,319200.0,Place,27023,68750,68750.0,68750.0,4.642909090909091,32.0,-1.0,20.0,157.0,208.0,1.1841764422899013,-0.037005513821559415,0.7401102764311882,5.809865669984828,1.9242867187210895
LINCOLN,City,628500.0,Place,51629,114678,93986.0,93986.0,6.687166173685442,172.0,217.0,628.0,525.0,1542.0,3.3314610006004375,4.20306416936218,12.163706444052762,10.168703635553662,7.46673381239226
LINDSAY,City,268400.0,Place,12572,69489,69489.0,69489.0,3.862481831656809,6.0,55.0,3.0,0.0,64.0,0.4772510340439071,4.374801145402482,0.23862551702195356,0.0,1.2726694241170855
LIVE OAK,City,317900.0,Place,9264,75450,74762.0,74762.0,4.25216018833097,69.0,56.0,18.0,0.0,143.0,7.448186528497409,6.044905008635579,1.9430051813471503,0.0,3.8590241796200346
LIVERMORE,City,1038600.0,Place,85870,126240,133780.0,133780.0,7.763492300792346,126.0,69.0,287.0,82.0,564.0,1.4673343426109233,0.8035402352393153,3.342261558169326,0.9549318737626644,1.6420170024455572
LIVINGSTON,City,339800.0,Place,14450,65044,65044.0,65044.0,5.224155955968268,0.0,0.0,2.0,5.0,7.0,0.0,0.0,0.1384083044982699,0.3460207612456747,0.12110726643598616
LODI,City,468800.0,Place,67008,88531,88531.0,88531.0,5.295320283290598,495.0,775.0,132.0,89.0,1491.0,7.387177650429799,11.565783190066858,1.9699140401146131,1.328199617956065,5.562768624641834
LOMA LINDA,City,557800.0,Place,25021,82184,86031.0,86031.0,6.483709360579326,93.0,80.0,21.0,29.0,223.0,3.716877822628992,3.1973142560249395,0.8392949922065465,1.1590264178090404,2.2281283721673795
LOMITA,City,792100.0,Place,20409,87760,93525.0,93525.0,8.469393210371559,7.0,231.0,17.0,45.0,300.0,0.3429859375765594,11.31853594002646,0.8329658484002156,2.204909598706453,3.6748493311774215
LOMPOC,City,433800.0,Place,43819,95977,95977.0,95977.0,4.519832876626692,44.0,19.0,4.0,43.0,110.0,1.0041306282662772,0.4336018622058924,0.09128460256966157,0.9813094776238618,0.6275816426664232
LONG BEACH,City,762200.0,Place,458491,87760,93525.0,93525.0,8.149692595562684,1365.0,1007.0,1215.0,1400.0,4987.0,2.9771576759412945,2.196335369723724,2.6499974917719213,3.0534950522474813,2.7192463974211054
LOOMIS,City,649800.0,Place,6809,114678,93986.0,93986.0,6.913795671695785,8.0,0.0,7.0,5.0,20.0,1.174915552944632,0.0,1.0280511088265532,0.7343222205903951,0.7343222205903951
LOS ALAMITOS,City,1003900.0,Place,11784,113702,93525.0,93525.0,10.734028334669874,31.0,109.0,0.0,8.0,148.0,2.630685675492193,9.249830278343516,0.0,0.678886625933469,3.1398506449422947
LOS ALTOS,City,2000001.0,Place,30736,159674,157444.0,157444.0,12.702935646960189,22.0,40.0,49.0,132.0,243.0,0.7157730348776679,1.3014055179593962,1.5942217595002603,4.294638209266007,1.976509630400833
LOS ALTOS HILLS,City,2000001.0,Place,8367,159674,157444.0,157444.0,12.702935646960189,-2.0,12.0,1.0,-2.0,9.0,-0.2390343014222541,1.4342058085335248,0.11951715071112705,-0.2390343014222541,0.26891358910003593
LOS ANGELES,City,879500.0,Place,3857897,87760,93525.0,93525.0,9.403902699812884,17131.0,15588.0,15567.0,17156.0,65442.0,4.4405021699646205,4.040543332286995,4.035099952124176,4.446982384444167,4.240781959704989
LOS BANOS,City,419600.0,Place,46776,65044,65044.0,65044.0,6.451017772584712,410.0,299.0,138.0,94.0,941.0,8.765178724132035,6.3921669232084835,2.9502308876346843,2.009577561142466,5.0292885240294165
LOS GATOS,City,2000001.0,Place,32773,159674,157444.0,157444.0,12.702935646960189,48.0,65.0,246.0,77.0,436.0,1.4646202666829402,1.9833399444664814,7.506178866750069,2.3494950111372166,3.325908522259177
LOYALTON,City,190700.0,Place,830,60000,,60000.0,3.1783333333333332,0.0,0.0,0.0,0.0,0.0,0.0,0.0,0.0,0.0,0.0
LYNWOOD,City,569400.0,Place,65291,87760,93525.0,93525.0,6.088211708099439,21.0,23.0,0.0,23.0,67.0,0.32163697906296423,0.3522690723070561,0.0,0.3522690723070561,0.2565437809192691
MCFARLAND,City,245500.0,Place,14138,67660,67660.0,67660.0,3.6284362991427725,0.0,0.0,48.0,87.0,135.0,0.0,0.0,3.3951053897298062,6.153628518885274,2.38718347715377
MADERA,City,335900.0,Place,67133,75496,71897.0,71897.0,4.671961277939274,165.0,172.0,216.0,0.0,553.0,2.4578076355890546,2.5620782625534386,3.217493632043853,0.0,2.0593448825465863
MALIBU,City,2000001.0,Place,10516,87760,93525.0,93525.0,21.38466720128308,2.0,-13.0,-54.0,-41.0,-106.0,0.1901863826550019,-1.2362114872575125,-5.135032331685052,-3.898820844427539,-2.5199695701787754
MAMMOTH LAKES,City,657000.0,Place,7233,86953,,86953.0,7.555806010143411,50.0,46.0,34.0,50.0,180.0,6.912760956726117,6.359740080188027,4.700677450573759,6.912760956726117,6.221484861053505
MANHATTAN BEACH,City,2000001.0,Place,34584,87760,93525.0,93525.0,21.38466720128308,6.0,0.0,16.0,12.0,34.0,0.17349063150589866,0.0,0.4626416840157298,0.3469812630117973,0.24577839463335646
MANTECA,City,561200.0,Place,86521,88531,88531.0,88531.0,6.339022489297534,0.0,1059.0,814.0,0.0,1873.0,0.0,12.239803053593924,9.408120571884282,0.0,5.411980906369552
MARICOPA,City,121800.0,Place,1015,67660,67660.0,67660.0,1.8001773573751108,0.0,0.0,0.0,0.0,0.0,0.0,0.0,0.0,0.0,0.0
MARINA,City,760800.0,Place,22324,94486,94486.0,94486.0,8.051986537688123,132.0,132.0,0.0,259.0,523.0,5.9129188317505825,5.9129188317505825,0.0,11.601863465328794,5.85692528220749
MARTINEZ,City,824700.0,Place,36926,125727,133780.0,133780.0,6.164598594707729,0.0,0.0,90.0,47.0,137.0,0.0,0.0,2.437307046525483,1.2728159020744192,0.9275307371499756
MARYSVILLE,City,282700.0,Place,12703,73313,74762.0,74762.0,3.7813327626334234,0.0,0.0,71.0,0.0,71.0,0.0,0.0,5.589230890340864,0.0,1.397307722585216
MAYWOOD,City,595000.0,Place,24593,87760,93525.0,93525.0,6.361935311414061,8.0,12.0,9.0,0.0,29.0,0.32529581588256823,0.4879437238238523,0.3659577928678892,0.0,0.2947993331435774
MENDOTA,City,250400.0,Place,12554,71434,71897.0,71897.0,3.4827600595296047,0.0,0.0,14.0,0.0,14.0,0.0,0.0,1.1151824119802454,0.0,0.27879560299506134
MENIFEE,City,487200.0,Place,107020,89672,86031.0,86031.0,5.663074938103707,1410.0,1287.0,652.0,1120.0,4469.0,13.175107456550178,12.025789572042608,6.092319192674267,10.465333582507943,10.43963745094375
MENLO PARK,City,2000001.0,Place,32775,156000,133780.0,133780.0,14.949925250411123,-63.0,29.0,251.0,20.0,237.0,-1.9221967963386726,0.8848207475209764,7.658276125095346,0.6102212051868803,1.8077803203661325
MERCED,City,347700.0,Place,89766,65044,65044.0,65044.0,5.34561220097165,892.0,808.0,628.0,354.0,2682.0,9.936947173762894,9.001180847982532,6.995967292738899,3.9435866586458124,7.469420493282535
MILLBRAE,City,1929700.0,Place,22589,156000,133780.0,133780.0,14.42442816564509,19.0,82.0,263.0,10.0,374.0,0.8411173580061092,3.6300854398158395,11.642835008189826,0.4426933463190048,4.139182788082694
MILL VALLEY,City,2000001.0,Place,14064,142785,133780.0,133780.0,14.949925250411123,-1.0,12.0,19.0,24.0,54.0,-0.07110352673492605,0.8532423208191127,1.3509670079635951,1.7064846416382253,0.9598976109215017
MILPITAS,City,1180000.0,Place,78216,159674,157444.0,157444.0,7.4947282843423695,97.0,191.0,161.0,77.0,526.0,1.2401554669121408,2.4419556101053495,2.0584023729160275,0.9844533087859262,1.681241689679861
MISSION VIEJO,City,946300.0,Place,92415,113702,93525.0,93525.0,10.118150227211975,32.0,99.0,124.0,215.0,470.0,0.3462641346101823,1.0712546664502516,1.3417735216144566,2.3264621544121624,1.2714386192717633
MODESTO,City,415600.0,Place,218614,79661,79661.0,79661.0,5.217107493001595,302.0,648.0,440.0,219.0,1609.0,1.3814302835134071,2.964128555353271,2.0126798832645667,1.0017656691703185,1.840001097825391
MONROVIA,City,891700.0,Place,37553,87760,93525.0,93525.0,9.534349104517508,23.0,171.0,64.0,493.0,751.0,0.6124677122999493,4.553564295795276,1.704257982052033,13.128112267994569,4.999600564535457
MONTAGUE,City,181300.0,Place,1486,55499,,55499.0,3.2667255265860646,0.0,0.0,0.0,2.0,2.0,0.0,0.0,0.0,1.3458950201884252,0.3364737550471063
MONTCLAIR,City,549600.0,Place,37809,82184,86031.0,86031.0,6.388394880915019,0.0,25.0,29.0,5.0,59.0,0.0,0.6612182284641223,0.7670131450183818,0.13224364569282449,0.3901187547938321
MONTEBELLO,City,660700.0,Place,61376,87760,93525.0,93525.0,7.064421277733226,1.0,0.0,40.0,234.0,275.0,0.01629301355578728,0.0,0.6517205422314911,3.812565172054223,1.1201446819603753
MONTEREY,City,1003300.0,Place,29772,94486,94486.0,94486.0,10.618504328683615,33.0,58.0,84.0,99.0,274.0,1.1084240225715438,1.9481391911863495,2.8214429665457477,3.325272067714631,2.300819562004568
MONTEREY PARK,City,818300.0,Place,59639,87760,93525.0,93525.0,8.749532210638867,17.0,207.0,28.0,131.0,383.0,0.2850483743858884,3.470883146934053,0.4694914401649927,2.196549237914787,1.6054930498499305
MONTE SERENO,City,2000001.0,Place,3459,159674,157444.0,157444.0,12.702935646960189,25.0,8.0,9.0,12.0,54.0,7.227522405319456,2.3128071697022263,2.6019080659150045,3.469210754553339,3.9028620988725065
MOORPARK,City,852800.0,Place,35957,107327,107327.0,107327.0,7.94581046707725,13.0,89.0,9.0,9.0,120.0,0.36154295408404485,2.475178685652307,0.250298968212031,0.250298968212031,0.8343298940401034
MORAGA,City,1597600.0,Place,16790,125727,133780.0,133780.0,11.941994319031245,23.0,3.0,4.0,3.0,33.0,1.36986301369863,0.1786777843954735,0.23823704586063132,0.1786777843954735,0.49136390708755207
MORENO VALLEY,City,461400.0,Place,210378,89672,86031.0,86031.0,5.363183038672107,452.0,416.0,319.0,650.0,1837.0,2.1485136278508206,1.9773930734202243,1.5163182462044509,3.0896766772191007,2.1829754061736493
MORGAN HILL,City,1127600.0,Place,45152,159674,157444.0,157444.0,7.161911536800386,57.0,56.0,104.0,61.0,278.0,1.2624025513819985,1.2402551381998583,2.3033309709425938,1.35099220411056,1.5392452161587526
MORRO BAY,City,864900.0,Place,10717,93398,93398.0,93398.0,9.260369601062122,4.0,7.0,10.0,54.0,75.0,0.373238779509191,0.6531678641410843,0.9330969487729776,5.038723523374078,1.7495567789493327
MOUNTAIN VIEW,City,1927400.0,Place,82363,159674,157444.0,157444.0,12.241812962069053,265.0,321.0,1177.0,124.0,1887.0,3.2174641525927905,3.897381105593531,14.29039738717628,1.5055303959302113,5.727693260323203
MOUNT SHASTA,City,283100.0,Place,3208,55499,,55499.0,5.100992810681274,2.0,4.0,8.0,0.0,14.0,0.6234413965087282,1.2468827930174564,2.493765586034913,0.0,1.0910224438902745
MURRIETA,City,606900.0,Place,111621,89672,86031.0,86031.0,7.054433866861945,158.0,64.0,0.0,561.0,783.0,1.415504250992197,0.5733688105284848,0.0,5.02593597978875,1.753702260327358
NAPA,City,824500.0,Place,78816,108970,108970.0,108970.0,7.566302652106084,0.0,0.0,134.0,0.0,134.0,0.0,0.0,1.7001624035728786,0.0,0.42504060089321966
NATIONAL CITY,City,580900.0,Place,55960,102285,102285.0,102285.0,5.679229603558684,0.0,0.0,0.0,0.0,0.0,0.0,0.0,0.0,0.0,0.0
NEEDLES,City,134400.0,Place,4882,82184,86031.0,86031.0,1.562227569132057,-5.0,0.0,1.0,0.0,-4.0,-1.024170421958214,0.0,0.20483408439164277,0.0,-0.2048340843916428
NEVADA CITY,City,607300.0,Place,3168,84905,84905.0,84905.0,7.152700076556151,0.0,0.0,0.0,0.0,0.0,0.0,0.0,0.0,0.0,0.0
NEWARK,City,1094200.0,Place,47145,126240,133780.0,133780.0,8.179100014949917,167.0,448.0,210.0,252.0,1077.0,3.5422632304592216,9.502598366740907,4.4543429844097995,5.3452115812917596,5.711104040725422
NEWMAN,City,381900.0,Place,12299,79661,79661.0,79661.0,4.794064849801032,0.0,0.0,4.0,46.0,50.0,0.0,0.0,0.32522969347101394,3.74014147491666,1.0163427920969186
NEWPORT BEACH,City,2000001.0,Place,84304,113702,93525.0,93525.0,21.38466720128308,30.0,36.0,56.0,31.0,153.0,0.3558550009489467,0.427026001138736,0.6642626684380337,0.36771683431391156,0.45371512620990695
NORCO,City,731900.0,Place,25211,89672,86031.0,86031.0,8.507398495891016,0.0,12.0,17.0,29.0,58.0,0.0,0.4759827059616834,0.6743088334457181,1.1502915394074014,0.5751457697037008
NORWALK,City,616600.0,Place,100713,87760,93525.0,93525.0,6.592889601710772,101.0,0.0,1.0,0.0,102.0,1.0028496817689871,0.0,0.009929204769989972,0.0,0.25319472163474427
NOVATO,City,1007100.0,Place,52689,142785,133780.0,133780.0,7.528031095828973,38.0,62.0,94.0,187.0,381.0,0.7212131564463171,1.1767162026229383,1.7840535975251002,3.549127901459508,1.807777714513466
OAKDALE,City,432800.0,Place,23155,79661,79661.0,79661.0,5.433022432557965,71.0,0.0,17.0,45.0,133.0,3.0662923774562727,0.0,0.7341826819261499,1.9434247462751024,1.4359749514143814
OAKLAND,City,924700.0,Place,438072,126240,133780.0,133780.0,6.912094483480341,4032.0,3341.0,1540.0,2249.0,11162.0,9.203966471264996,7.626600193575485,3.5154038605526035,5.133859274274548,6.3699574499169085
OAKLEY,City,632800.0,Place,44311,125727,133780.0,133780.0,4.7301539841530875,436.0,220.0,167.0,281.0,1104.0,9.839543228543702,4.964907133668841,3.7688158696486203,6.34154047527702,6.228701676784546
OCEANSIDE,City,702000.0,Place,172542,102285,102285.0,102285.0,6.863176418829741,277.0,238.0,255.0,675.0,1445.0,1.6054062199348564,1.3793742972725482,1.477901032792016,3.912090969155336,2.093693129788689
OJAI,City,947000.0,Place,7576,107327,107327.0,107327.0,8.823502007882453,0.0,16.0,48.0,29.0,93.0,0.0,2.1119324181626187,6.335797254487857,3.8278775079197467,3.0689017951425552
ONTARIO,City,568000.0,Place,178347,82184,86031.0,86031.0,6.602271274308098,1219.0,1200.0,616.0,1597.0,4632.0,6.834990215703096,6.728456323907888,3.453940912939382,8.954453957734081,6.492960352571112
ORANGE,City,900700.0,Place,138723,113702,93525.0,93525.0,9.630580058807805,145.0,1060.0,54.0,186.0,1445.0,1.0452484447424004,7.641126561565134,0.38926493804199735,1.3408014532557686,2.6041103494013247
ORANGE COVE,City,232900.0,Place,9607,71434,71897.0,71897.0,3.239356301375579,0.0,5.0,0.0,80.0,85.0,0.0,0.5204538357447694,0.0,8.327261371916311,2.21192880191527
ORINDA,City,1804400.0,Place,19472,125727,133780.0,133780.0,13.487815817013006,69.0,0.0,26.0,23.0,118.0,3.5435497124075597,0.0,1.3352506162695152,1.1811832374691866,1.5149958915365653
ORLAND,City,320700.0,Place,8252,70487,,70487.0,4.549775135840651,19.0,0.0,0.0,0.0,19.0,2.3024721279689775,0.0,0.0,0.0,0.5756180319922444
OROVILLE,City,280600.0,Place,19855,68574,68574.0,68574.0,4.091929885962609,0.0,181.0,0.0,303.0,484.0,0.0,9.116091664568119,0.0,15.260639637370938,6.094182825484764
OXNARD,City,617800.0,Place,201014,107327,107327.0,107327.0,5.756240275047285,360.0,51.0,372.0,385.0,1168.0,1.7909200354204184,0.25371367168455927,1.8506173699344324,1.9152894823246143,1.4526351398410062
PACIFICA,City,1211700.0,Place,37527,156000,133780.0,133780.0,9.057407684257736,33.0,37.0,69.0,46.0,185.0,0.879366855863778,0.9859567777866602,1.8386761531697178,1.225784102113145,1.2324459722333252
PACIFIC GROVE,City,1129400.0,Place,15003,94486,94486.0,94486.0,11.95309358000127,6.0,38.0,26.0,5.0,75.0,0.3999200159968006,2.532826767979737,1.7329867359861362,0.33326667999733384,1.249750049990002
PALMDALE,City,435300.0,Place,165487,87760,93525.0,93525.0,4.654370489174018,276.0,221.0,306.0,368.0,1171.0,1.6678047218210494,1.3354523316030866,1.84908784375812,2.2237396290947324,1.769021131569247
PALM DESERT,City,491600.0,Place,51551,89672,86031.0,86031.0,5.71421929304553,64.0,203.0,538.0,805.0,1610.0,1.241489010882427,3.937847956392698,10.436266997730403,15.61560396500553,7.807801982502765
PALM SPRINGS,City,567300.0,Place,44998,89672,86031.0,86031.0,6.594134672385535,276.0,275.0,-2.0,0.0,549.0,6.133605938041691,6.11138272812125,-0.044446419840881816,0.0,3.050135561580515
PALO ALTO,City,2000001.0,Place,67231,159674,157444.0,157444.0,12.702935646960189,51.0,0.0,193.0,161.0,405.0,0.7585786318811263,0.0,2.870699528491321,2.3947286222129676,1.5060016956463538
PALOS VERDES ESTATES,City,2000001.0,Place,13047,87760,93525.0,93525.0,21.38466720128308,0.0,16.0,0.0,17.0,33.0,0.0,1.2263355560665286,0.0,1.302981528320687,0.6323292710968038
PARADISE,City,391100.0,Place,6793,68574,68574.0,68574.0,5.703327791874472,622.0,678.0,563.0,447.0,2310.0,91.56484616517002,99.80862652730752,82.87943471220375,65.80303253349037,85.01398498454292
PARAMOUNT,City,500400.0,Place,52546,87760,93525.0,93525.0,5.350441058540497,8.0,54.0,33.0,15.0,110.0,0.1522475545236555,1.0276709930346744,0.6280211624100788,0.285464164731854,0.5233509686750657
PARLIER,City,236100.0,Place,14545,71434,71897.0,71897.0,3.2838644171523153,2.0,5.0,0.0,0.0,7.0,0.13750429700928155,0.3437607425232039,0.0,0.0,0.12031625988312136
PASADENA,City,1045000.0,Place,136462,87760,93525.0,93525.0,11.173483025928896,68.0,403.0,1020.0,363.0,1854.0,0.4983072210578769,2.9532030895047705,7.474608315868154,2.660081194764843,3.396549955298911
PATTERSON,City,427400.0,Place,24306,79661,79661.0,79661.0,5.365235184092592,0.0,0.0,0.0,0.0,0.0,0.0,0.0,0.0,0.0,0.0
PERRIS,City,431900.0,Place,79349,89672,86031.0,86031.0,5.020283386221246,205.0,171.0,98.0,153.0,627.0,2.583523421845266,2.1550366104172705,1.23505022117481,1.9281906514259788,1.9754502262158313
PETALUMA,City,834900.0,Place,59321,102840,102840.0,102840.0,8.118436406067678,23.0,124.0,341.0,296.0,784.0,0.3877210431381804,2.0903221456145378,5.748385900439979,4.989801250821801,3.3040575850036245
PICO RIVERA,City,621400.0,Place,60821,87760,93525.0,93525.0,6.644212777332264,34.0,55.0,40.0,57.0,186.0,0.5590174446326104,0.9042929251409875,0.6576675819207183,0.9371763042370235,0.7645385639828349
PIEDMONT,City,2000001.0,Place,11012,126240,133780.0,133780.0,14.949925250411123,16.0,31.0,42.0,56.0,145.0,1.452960406828914,2.8151107882310207,3.814021067925899,5.085361423901199,3.291863421721758
PINOLE,City,697100.0,Place,18835,125727,133780.0,133780.0,5.210793840633876,2.0,3.0,3.0,8.0,16.0,0.10618529333687285,0.15927794000530926,0.15927794000530926,0.4247411733474914,0.2123705866737457
PISMO BEACH,City,992900.0,Place,8024,93398,93398.0,93398.0,10.630848626308914,26.0,10.0,11.0,29.0,76.0,3.2402791625124627,1.2462612163509472,1.3708873379860418,3.614157527417747,2.3678963110667994
PITTSBURG,City,583100.0,Place,75868,125727,133780.0,133780.0,4.3586485274330995,217.0,115.0,148.0,8.0,488.0,2.8602309274002216,1.5157905836452787,1.9507565772130542,0.1054463014709759,1.6080560974323828
PLACENTIA,City,871000.0,Place,52384,113702,93525.0,93525.0,9.313017909649826,51.0,244.0,103.0,626.0,1024.0,0.9735797189981673,4.657910812461821,1.9662492364080635,11.950213805742212,4.886988393402566
PLACERVILLE,City,450600.0,Place,10730,106190,93986.0,93986.0,4.794331070584981,11.0,10.0,11.0,34.0,66.0,1.0251630941286114,0.9319664492078285,1.0251630941286114,3.168685927306617,1.537744641192917
PLEASANT HILL,City,1040600.0,Place,34335,125727,133780.0,133780.0,7.778442218567798,9.0,30.0,36.0,37.0,112.0,0.2621231979030144,0.873743993010048,1.0484927916120577,1.0776175913790593,0.8154943934760448
PLEASANTON,City,1432300.0,Place,77500,126240,133780.0,133780.0,10.706383614890118,36.0,23.0,45.0,45.0,149.0,0.4645161290322581,0.2967741935483871,0.5806451612903225,0.5806451612903225,0.48064516129032253
PLYMOUTH,City,358200.0,Place,1250,81526,,81526.0,4.393690356450703,0.0,18.0,0.0,15.0,33.0,0.0,14.4,0.0,12.0,6.6
POINT ARENA,City,431300.0,Place,831,64688,64688.0,64688.0,6.6673880781597825,0.0,0.0,0.0,0.0,0.0,0.0,0.0,0.0,0.0,0.0
POMONA,City,569600.0,Place,148391,87760,93525.0,93525.0,6.090350173750334,227.0,0.0,0.0,0.0,227.0,1.5297423698202721,0.0,0.0,0.0,0.38243559245506803
PORTERVILLE,City,273600.0,Place,62765,69489,69489.0,69489.0,3.9373138194534385,0.0,31.0,179.0,96.0,306.0,0.0,0.4939058392416155,2.851907910459651,1.5295148570062933,1.21883215167689
PORT HUENEME,City,556200.0,Place,21691,107327,107327.0,107327.0,5.182293365136452,3.0,14.0,3.0,7.0,27.0,0.1383062099488267,0.6454289797611913,0.1383062099488267,0.32271448988059565,0.3111889723848601
PORTOLA,City,232100.0,Place,2462,64946,,64946.0,3.5737381824900685,0.0,1.0,0.0,0.0,1.0,0.0,0.4061738424045491,0.0,0.0,0.10154346060113728
PORTOLA VALLEY,City,2000001.0,Place,4329,156000,133780.0,133780.0,14.949925250411123,13.0,4.0,5.0,15.0,37.0,3.003003003003003,0.9240009240009239,1.155001155001155,3.465003465003465,2.1367521367521367
POWAY,City,971500.0,Place,48515,102285,102285.0,102285.0,9.497971354548564,124.0,116.0,137.0,281.0,658.0,2.5559105431309903,2.3910130887354426,2.8238689065237557,5.792023085643616,3.390703906008451
RANCHO CORDOVA,City,451400.0,Place,80656,88724,93986.0,93986.0,4.8028429766135385,0.0,0.0,610.0,978.0,1588.0,0.0,0.0,7.5629835350128936,12.12557032334854,4.9221384645903585
RANCHO CUCAMONGA,City,694400.0,Place,174693,82184,86031.0,86031.0,8.071509107182294,415.0,364.0,648.0,641.0,2068.0,2.3755960456343415,2.0836553267732536,3.709364427882056,3.6692941331364164,2.9594774833565167
RANCHO MIRAGE,City,747800.0,Place,17375,89672,86031.0,86031.0,8.692215596703514,244.0,74.0,174.0,41.0,533.0,14.043165467625899,4.258992805755396,10.014388489208633,2.3597122302158273,7.669064748201439
RANCHO PALOS VERDES,City,1541400.0,Place,41259,87760,93525.0,93525.0,16.481154771451482,12.0,1.0,15.0,13.0,41.0,0.2908456336799244,0.0242371361399937,0.36355704209990547,0.3150827698199181,0.24843064543493543
RANCHO SANTA MARGARITA,City,907900.0,Place,47257,113702,93525.0,93525.0,9.707564822240043,0.0,1.0,1.0,2.0,4.0,0.0,0.021160886217914805,0.021160886217914805,0.04232177243582961,0.021160886217914805
RED BLUFF,City,271100.0,Place,14592,61834,61834.0,61834.0,4.384319306530387,2.0,4.0,9.0,9.0,24.0,0.1370614035087719,0.2741228070175438,0.6167763157894737,0.6167763157894737,0.41118421052631576
REDDING,City,363800.0,Place,93268,71931,71931.0,71931.0,5.057624668084692,150.0,11.0,218.0,231.0,610.0,1.6082686451944932,0.11793970064759617,2.337350431015997,2.4767337135995198,1.6350731226144015
REDLANDS,City,583000.0,Place,72985,82184,86031.0,86031.0,6.7766270297915865,40.0,91.0,-8.0,101.0,224.0,0.5480578201000206,1.2468315407275468,-0.10961156402000412,1.383845995752552,0.7672809481400288
REDONDO BEACH,City,1225400.0,Place,69814,87760,93525.0,93525.0,13.10237904303662,-55.0,72.0,-13.0,-31.0,-27.0,-0.7878076030595583,1.0313117712779671,-0.1862090698140774,-0.4440370126335692,-0.09668547855730944
REDWOOD CITY,City,1838800.0,Place,82423,156000,133780.0,133780.0,13.744954402750786,0.0,0.0,0.0,0.0,0.0,0.0,0.0,0.0,0.0,0.0
REEDLEY,City,311700.0,Place,25446,71434,71897.0,71897.0,4.335368652377707,76.0,187.0,101.0,179.0,543.0,2.986716969268254,7.34889570069952,3.969189656527548,7.034504440776547,5.334826691817968
RIALTO,City,454400.0,Place,103866,82184,86031.0,86031.0,5.281817019446478,160.0,125.0,0.0,576.0,861.0,1.540446344328269,1.2034737065064602,0.0,5.545606839581769,2.0723817226041246
RICHMOND,City,650100.0,Place,115396,125727,133780.0,133780.0,4.859470772910749,353.0,42.0,78.0,107.0,580.0,3.0590315088911226,0.3639640888765642,0.6759333079136192,0.9272418454712468,1.256542687788138
RIDGECREST,City,235800.0,Place,28138,67660,67660.0,67660.0,3.4850724209281703,55.0,0.0,95.0,45.0,195.0,1.9546520719311962,0.0,3.376217215153884,1.5992607861255241,1.732532518302651
RIO DELL,City,313400.0,Place,3371,61135,61135.0,61135.0,5.126359695755296,0.0,0.0,0.0,0.0,0.0,0.0,0.0,0.0,0.0,0.0
RIO VISTA,City,480300.0,Place,10002,99994,99994.0,99994.0,4.803288197291837,36.0,143.0,67.0,111.0,357.0,3.599280143971206,14.297140571885622,6.698660267946411,11.097780443911219,8.923215356928615
RIPON,City,666400.0,Place,16117,88531,88531.0,88531.0,7.527306819080322,12.0,2.0,8.0,3.0,25.0,0.7445554383570143,0.1240925730595024,0.4963702922380096,0.18613885958925358,0.38778929081094493
RIVERBANK,City,442300.0,Place,24881,79661,79661.0,79661.0,5.552277777080378,30.0,8.0,109.0,228.0,375.0,1.2057393191591976,0.3215304851091194,4.3808528596117515,9.163618825609904,3.7679353723724933
RIVERSIDE,City,542100.0,Place,316241,89672,86031.0,86031.0,6.301217003173274,639.0,241.0,944.0,597.0,2421.0,2.0206108632340523,0.7620770235358476,2.985065187625893,1.8878007595473072,1.9138884584857752
ROCKLIN,City,673300.0,Place,72340,114678,93986.0,93986.0,7.1638329112846595,431.0,299.0,408.0,617.0,1755.0,5.957976223389549,4.133259607409456,5.640033176665745,8.529167818634226,6.065109206524744
ROHNERT PARK,City,634900.0,Place,44461,102840,102840.0,102840.0,6.17366783352781,379.0,204.0,271.0,174.0,1028.0,8.524324689053328,4.588290861654034,6.095229527001193,3.9135422055284406,5.780346820809249
ROLLING HILLS,City,2000001.0,Place,1511,87760,93525.0,93525.0,21.38466720128308,0.0,-1.0,0.0,0.0,-1.0,0.0,-0.6618133686300464,0.0,0.0,-0.1654533421575116
ROLLING HILLS ESTATES,City,1602300.0,Place,8158,87760,93525.0,93525.0,17.132317562149158,37.0,21.0,5.0,6.0,69.0,4.535425349350331,2.574160333415053,0.6128953174797744,0.7354743809757294,2.114488845305222
ROSEMEAD,City,729600.0,Place,50340,87760,93525.0,93525.0,7.80112269446672,73.0,129.0,104.0,104.0,410.0,1.450139054429877,2.562574493444577,2.0659515295987285,2.0659515295987285,2.0361541517679775
ROSEVILLE,City,630600.0,Place,152438,114678,93986.0,93986.0,6.709509927010406,1890.0,1763.0,1354.0,1298.0,6305.0,12.398483317807896,11.565357719203874,8.88229968905391,8.51493722037812,10.34026948661095
ROSS,City,2000001.0,Place,2626,142785,133780.0,133780.0,14.949925250411123,9.0,15.0,3.0,8.0,35.0,3.427265803503427,5.712109672505712,1.1424219345011426,3.0464584920030466,3.3320639756283317
SACRAMENTO,City,484600.0,Place,524802,88724,93986.0,93986.0,5.156087076798672,2208.0,2831.0,3195.0,3649.0,11883.0,4.207301039249089,5.394415417624171,6.088010335326466,6.953098501911197,5.66070632352773
ST. HELENA,City,1964300.0,Place,5378,108970,108970.0,108970.0,18.026062218959346,0.0,0.0,0.0,0.0,0.0,0.0,0.0,0.0,0.0,0.0
SALINAS,City,610900.0,Place,161993,94486,94486.0,94486.0,6.465508117604725,58.0,187.0,223.0,115.0,583.0,0.35804016222923213,1.154370867877007,1.3766026927089443,0.7099072182131326,0.8997302352570791
SAN ANSELMO,City,1524300.0,Place,12711,142785,133780.0,133780.0,11.394079832560921,14.0,5.0,21.0,26.0,66.0,1.1014082290929117,0.39336008181889703,1.6521123436393674,2.0454724254582644,1.2980882700023602
SAN BERNARDINO,City,384900.0,Place,221774,82184,86031.0,86031.0,4.473968685706315,25.0,447.0,99.0,200.0,771.0,0.11272737110752389,2.015565395402527,0.4464003895857946,0.9018189688601911,0.8691280312390092
SAN BRUNO,City,1199400.0,Place,42612,156000,133780.0,133780.0,8.965465689938705,37.0,56.0,9.0,13.0,115.0,0.8683000093870271,1.3141837979911761,0.21120811039143902,0.305078381676523,0.6746925748615413
SAN BUENAVENTURA (VENTURA),City,778700.0,Place,109900,107327,107327.0,107327.0,7.255397057590355,0.0,0.0,0.0,0.0,0.0,0.0,0.0,0.0,0.0,0.0
SAN CARLOS,City,2000001.0,Place,29797,156000,133780.0,133780.0,14.949925250411123,23.0,5.0,27.0,32.0,87.0,0.7718897875625063,0.1678021277309796,0.9061314897472901,1.0739336174782697,0.7299392556297614
SAN CLEMENTE,City,1220500.0,Place,63510,113702,93525.0,93525.0,13.049986634589683,22.0,29.0,186.0,35.0,272.0,0.34640214139505593,0.45662100456621,2.9286726499763813,0.5510943158557707,1.0706975279483546
SAND CITY,City,986100.0,Place,262,94486,94486.0,94486.0,10.436466778147027,0.0,0.0,0.0,0.0,0.0,0.0,0.0,0.0,0.0,0.0
SAN DIEGO,City,848500.0,Place,1385061,102285,102285.0,102285.0,8.295448990565577,3784.0,4775.0,3990.0,5001.0,17550.0,2.732009637120676,3.4475015901826707,2.880739548655258,3.6106712989536205,3.167730518728056
SAN DIMAS,City,756200.0,Place,34099,87760,93525.0,93525.0,8.08553862603582,15.0,11.0,26.0,35.0,87.0,0.43989559811138157,0.3225901052816798,0.7624857033930614,1.0264230622598902,0.6378486172615032
SAN FERNANDO,City,630700.0,Place,23716,87760,93525.0,93525.0,6.743651430098904,21.0,17.0,39.0,53.0,130.0,0.885478158205431,0.7168156518805869,1.644459436667229,2.2347782088041828,1.3703828638893574
SAN FRANCISCO,City,1380500.0,Place,836321,141446,133780.0,133780.0,10.319180744505905,5593.0,2858.0,2593.0,1724.0,12768.0,6.68762353211267,3.4173481235076006,3.100484144246049,2.061409434894018,3.8167163086900846
SAN GABRIEL,City,899000.0,Place,38764,87760,93525.0,93525.0,9.612403100775193,0.0,0.0,-4.0,189.0,185.0,0.0,0.0,-0.10318852543597153,4.875657826849654,1.1931173253534206
SANGER,City,346000.0,Place,26515,71434,71897.0,71897.0,4.812440018359598,2.0,1.0,29.0,6.0,38.0,0.07542900245144259,0.03771450122572129,1.0937205355459174,0.22628700735432775,0.3582877616443523
SAN JACINTO,City,391600.0,Place,54756,89672,86031.0,86031.0,4.551847589822273,176.0,100.0,278.0,174.0,728.0,3.214259624516035,1.826283877565929,5.077069179633282,3.1777339469647163,3.323836657169991
SAN JOAQUIN,City,249700.0,Place,3734,71434,71897.0,71897.0,3.4730239092034436,0.0,0.0,0.0,0.0,0.0,0.0,0.0,0.0,0.0,0.0
SAN JOSE,City,1187800.0,Place,990054,159674,157444.0,157444.0,7.544269708594802,1173.0,1708.0,1231.0,1440.0,5552.0,1.184783860274288,1.7251584257020325,1.2433665234421556,1.4544661200298166,1.4019437323620731
SAN JUAN BAUTISTA,City,707100.0,Place,2120,108289,157444.0,157444.0,4.491120652422449,0.0,0.0,-2.0,5.0,3.0,0.0,0.0,-0.9433962264150944,2.3584905660377355,0.3537735849056603
SAN JUAN CAPISTRANO,City,929700.0,Place,34998,113702,93525.0,93525.0,9.94065757818765,69.0,145.0,188.0,46.0,448.0,1.9715412309274813,4.1430938910794906,5.371735527744443,1.314360820618321,3.2001828675924338
SAN LEANDRO,City,813600.0,Place,88531,126240,133780.0,133780.0,6.0816265510539695,0.0,61.0,73.0,41.0,175.0,0.0,0.6890241836192972,0.8245699246591589,0.46311461521952757,0.4941771808744959
SAN LUIS OBISPO,City,896500.0,Place,48039,93398,93398.0,93398.0,9.598706610419923,497.0,591.0,349.0,590.0,2027.0,10.34576073606861,12.302504215325047,7.264930577239326,12.281687795332958,10.548720830991485
SAN MARCOS,City,792400.0,Place,94078,102285,102285.0,102285.0,7.746981473334311,184.0,353.0,603.0,83.0,1223.0,1.9558238908140053,3.752205616615999,6.409575033482854,0.8822466463997959,3.2499627968281635
SAN MARINO,City,2000001.0,Place,12279,87760,93525.0,93525.0,21.38466720128308,0.0,10.0,15.0,30.0,55.0,0.0,0.8143985666585226,1.221597849987784,2.443195699975568,1.1197980291554686
SAN MATEO,City,1563200.0,Place,103555,156000,133780.0,133780.0,11.684855733293467,251.0,249.0,107.0,380.0,987.0,2.42383274588383,2.404519337550094,1.0332673458548598,3.6695475834097824,2.3827917531746414
SAN PABLO,City,516000.0,Place,31771,125727,133780.0,133780.0,3.8570787860666766,8.0,8.0,16.0,67.0,99.0,0.2518019577602216,0.2518019577602216,0.5036039155204431,2.1088413962418557,0.7790123068206856
SAN RAFAEL,City,1246200.0,Place,60604,142785,133780.0,133780.0,9.315293765884288,103.0,95.0,111.0,5.0,314.0,1.6995577849646888,1.5675532968120915,1.831562273117286,0.08250280509537324,1.2952940399973598
SAN RAMON,City,1359100.0,Place,85734,125727,133780.0,133780.0,10.159216624308566,166.0,79.0,79.0,213.0,537.0,1.936221335759442,0.9214547320782887,0.9214547320782887,2.484428581426272,1.5658898453355727
SANTA ANA,City,657800.0,Place,311639,113702,93525.0,93525.0,7.0334135257952415,731.0,1034.0,1113.0,955.0,3833.0,2.345662770064081,3.3179415926761413,3.5714400315749955,3.064443153777287,3.074871887023126
SANTA BARBARA,City,1466400.0,Place,88024,95977,95977.0,95977.0,15.278660512414433,115.0,136.0,151.0,209.0,611.0,1.3064618740343543,1.5450331727710624,1.7154412432972825,2.3743524493320005,1.735322184858675
SANTA CLARA,City,1527900.0,Place,129239,159674,157444.0,157444.0,9.704402835293818,726.0,1111.0,241.0,148.0,2226.0,5.6174993616478,8.596476295854966,1.8647621847894211,1.145165159123794,4.305975750353996
SANTA CLARITA,City,721000.0,Place,229021,87760,93525.0,93525.0,7.709168671478214,1048.0,326.0,190.0,513.0,2077.0,4.575999580824465,1.4234502512869998,0.8296182446151226,2.239969260460831,2.267259334296855
SANTA CRUZ,City,1180100.0,Place,60953,109266,109266.0,109266.0,10.800248933794593,70.0,119.0,63.0,356.0,608.0,1.1484258363001,1.9523239217101702,1.03358325267009,5.840565681754795,2.4937246731087885
SANTA FE SPRINGS,City,624700.0,Place,19310,87760,93525.0,93525.0,6.67949746057204,134.0,137.0,6.0,55.0,332.0,6.939409632314862,7.09476954945624,0.31071983428275507,2.8482651475919214,4.298291040911445
SANTA MARIA,City,478200.0,Place,109880,95977,95977.0,95977.0,4.9824437104723005,505.0,377.0,308.0,456.0,1646.0,4.595922824899891,3.4310156534401166,2.8030578813250817,4.149981798325446,3.7449945394976334
SANTA MONICA,City,1810200.0,Place,91535,87760,93525.0,93525.0,19.35525260625501,0.0,-24.0,-11.0,362.0,327.0,0.0,-0.262194788878571,-0.12017261156934506,3.9547713989184463,0.8931009996176326
SANTA PAULA,City,559300.0,Place,31202,107327,107327.0,107327.0,5.211177057031316,0.0,16.0,0.0,0.0,16.0,0.0,0.5127876418178322,0.0,0.0,0.12819691045445805
SANTA ROSA,City,685000.0,Place,177216,102840,102840.0,102840.0,6.660832360949047,481.0,452.0,356.0,253.0,1542.0,2.7142018779342725,2.550559768869628,2.008847959552185,1.4276363308053448,2.175311484290358
SANTEE,City,653400.0,Place,59485,102285,102285.0,102285.0,6.388033435987682,122.0,272.0,54.0,33.0,481.0,2.0509372110616124,4.57258132302261,0.9077918803059595,0.5547617046314197,2.0215180297554003
SARATOGA,City,2000001.0,Place,30335,159674,157444.0,157444.0,12.702935646960189,0.0,-15.0,-20.0,-19.0,-54.0,0.0,-0.49447832536673814,-0.6593044338223175,-0.6263392121312016,-0.44503049283006435
SAUSALITO,City,1858900.0,Place,7171,142785,133780.0,133780.0,13.89520107639408,0.0,5.0,4.0,13.0,22.0,0.0,0.6972528238739367,0.5578022590991494,1.8128573420722354,0.7669781062613303
SCOTTS VALLEY,City,1092000.0,Place,12138,109266,109266.0,109266.0,9.993959694690023,20.0,33.0,17.0,21.0,91.0,1.6477179106936892,2.7187345526445874,1.4005602240896358,1.7301038062283738,1.8742791234140717
SEAL BEACH,City,492200.0,Place,24868,113702,93525.0,93525.0,5.2627639668537824,15.0,1.0,-3.0,4.0,17.0,0.6031848158275696,0.04021232105517131,-0.12063696316551391,0.16084928422068523,0.17090236448447807
SEASIDE,City,692600.0,Place,31964,94486,94486.0,94486.0,7.330186482653515,0.0,0.0,0.0,30.0,30.0,0.0,0.0,0.0,0.9385558753597798,0.23463896883994495
SEBASTOPOL,City,821400.0,Place,7466,102840,102840.0,102840.0,7.987164527421237,39.0,14.0,3.0,54.0,110.0,5.223680685775516,1.8751674256630055,0.4018215912135012,7.232788641843022,3.683364586123761
SELMA,City,288700.0,Place,24586,71434,71897.0,71897.0,4.015466570232416,13.0,0.0,12.0,18.0,43.0,0.5287562027169934,0.0,0.4880826486618401,0.7321239729927601,0.43724070609289845
SHAFTER,City,306800.0,Place,20618,67660,67660.0,67660.0,4.534436890334023,220.0,305.0,268.0,306.0,1099.0,10.67028809777864,14.792899408284024,12.998350955475798,14.841400717819381,13.32573479483946
SHASTA LAKE,City,273000.0,Place,10334,71931,71931.0,71931.0,3.7953038328398048,-3.0,-2.0,-3.0,-3.0,-11.0,-0.2903038513644281,-0.19353590090961875,-0.2903038513644281,-0.2903038513644281,-0.26611186375072576
SIERRA MADRE,City,1172200.0,Place,11020,87760,93525.0,93525.0,12.533547179898424,17.0,14.0,34.0,60.0,125.0,1.5426497277676952,1.2704174228675136,3.0852994555353903,5.44464609800363,2.835753176043557
SIGNAL HILL,City,725500.0,Place,11563,87760,93525.0,93525.0,7.757284148623363,14.0,0.0,11.0,4.0,29.0,1.210758453688489,0.0,0.9513102136123843,0.3459309867681397,0.6269999135172533
SIMI VALLEY,City,753500.0,Place,125769,107327,107327.0,107327.0,7.020600594445014,69.0,562.0,211.0,373.0,1215.0,0.5486248598621282,4.468509728152406,1.6776789192885369,2.9657546772257075,2.415142046132195
SOLANA BEACH,City,1934700.0,Place,12841,102285,102285.0,102285.0,18.914796891039742,7.0,17.0,46.0,-190.0,-120.0,0.5451288840432988,1.3238844326765828,3.5822755237131063,-14.796355424032397,-2.336266645899852
SOLEDAD,City,571600.0,Place,24476,94486,94486.0,94486.0,6.049573481785662,62.0,74.0,125.0,96.0,357.0,2.5330936427520836,3.023369831671842,5.107043634580814,3.922209511358065,3.6464291550907006
SOLVANG,City,936900.0,Place,6034,95977,95977.0,95977.0,9.761713743917813,-4.0,27.0,1.0,14.0,38.0,-0.6629101756711965,4.474643685780577,0.16572754391779912,2.320185614849188,1.574411667219092
SONOMA,City,954300.0,Place,10726,102840,102840.0,102840.0,9.279463243873979,127.0,8.0,9.0,9.0,153.0,11.840387842625395,0.7458512026850643,0.8390826030206974,0.8390826030206974,3.566101062837964
SONORA,City,379300.0,Place,4965,72259,72259.0,72259.0,5.2491731133838,0.0,0.0,0.0,1.0,1.0,0.0,0.0,0.0,0.2014098690835851,0.050352467270896276
SOUTH EL MONTE,City,578100.0,Place,19413,87760,93525.0,93525.0,6.1812349639133926,0.0,0.0,0.0,3.0,3.0,0.0,0.0,0.0,0.15453562046051617,0.03863390511512904
SOUTH GATE,City,608500.0,Place,91836,87760,93525.0,93525.0,6.506281742849506,0.0,0.0,0.0,177.0,177.0,0.0,0.0,0.0,1.9273487521233503,0.4818371880308376
SOUTH LAKE TAHOE,City,630200.0,Place,21319,106190,93986.0,93986.0,6.705253973996127,22.0,37.0,23.0,79.0,161.0,1.0319433369294995,1.7355410666541582,1.0788498522444767,3.705614709883203,1.8879872414278345
SOUTH PASADENA,City,1545100.0,Place,26297,87760,93525.0,93525.0,16.52071638599305,7.0,10.0,19.0,37.0,73.0,0.2661900597026277,0.38027151386089664,0.7225158763357037,1.4070046012853177,0.6939955127961365
SOUTH SAN FRANCISCO,City,1160100.0,Place,64487,156000,133780.0,133780.0,8.67169980565107,125.0,207.0,216.0,254.0,802.0,1.938375176392141,3.2099492921053856,3.3495123048056197,3.9387783584288303,3.109153782932994
STANTON,City,541000.0,Place,38639,113702,93525.0,93525.0,5.78454958567228,137.0,52.0,490.0,60.0,739.0,3.545640415124615,1.345790522529051,12.681487616139135,1.5528352183027512,4.781438443023887
STOCKTON,City,412900.0,Place,320470,88531,88531.0,88531.0,4.663903039613243,507.0,0.0,0.0,272.0,779.0,1.5820513620619714,0.0,0.0,0.8487533934533653,0.6077011888788342
SUISUN CITY,City,551000.0,Place,29205,99994,99994.0,99994.0,5.51033061983719,0.0,0.0,0.0,0.0,0.0,0.0,0.0,0.0,0.0,0.0
SUNNYVALE,City,1816600.0,Place,153455,159674,157444.0,157444.0,11.5380706790986,770.0,581.0,499.0,604.0,2454.0,5.01775764882213,3.7861262259294257,3.251767619171744,3.9360072985565795,3.9979146981199696
SUSANVILLE,City,234000.0,Place,14992,64395,64395.0,64395.0,3.63382250174703,16.0,16.0,1.0,12.0,45.0,1.0672358591248667,1.0672358591248667,0.06670224119530417,0.80042689434365,0.7504002134471719
SUTTER CREEK,City,499600.0,Place,2687,81526,,81526.0,6.128106370973677,1.0,1.0,1.0,1.0,4.0,0.3721622627465575,0.3721622627465575,0.3721622627465575,0.3721622627465575,0.3721622627465575
TAFT,City,246400.0,Place,7228,67660,67660.0,67660.0,3.6417381022760864,8.0,1.0,1.0,4.0,14.0,1.1068068622025455,0.1383508577753182,0.1383508577753182,0.5534034311012728,0.48422800221361373
TEHACHAPI,City,344700.0,Place,12366,67660,67660.0,67660.0,5.094590600059119,0.0,5.0,0.0,35.0,40.0,0.0,0.4043344654698367,0.0,2.8303412582888567,0.8086689309396734
TEHAMA,City,265800.0,Place,395,61834,61834.0,61834.0,4.29860594494938,0.0,0.0,0.0,0.0,0.0,0.0,0.0,0.0,0.0,0.0
TEMECULA,City,640400.0,Place,110404,89672,86031.0,86031.0,7.443828387441736,0.0,72.0,328.0,876.0,1276.0,0.0,0.6521502844099851,2.9709068512010433,7.9344951269881525,2.8893880656497952
TEMPLE CITY,City,930200.0,Place,35749,87760,93525.0,93525.0,9.94600374231489,0.0,0.0,0.0,0.0,0.0,0.0,0.0,0.0,0.0,0.0
THOUSAND OAKS,City,951200.0,Place,125676,107327,107327.0,107327.0,8.862634751740009,73.0,88.0,80.0,10.0,251.0,0.5808587160635285,0.7002132467615138,0.6365574970559216,0.0795696871319902,0.4992997867532385
TIBURON,City,2000001.0,Place,9035,142785,133780.0,133780.0,14.949925250411123,2.0,7.0,11.0,10.0,30.0,0.22136137244050913,0.774764803541782,1.2174875484228003,1.1068068622025455,0.8301051466519093
TORRANCE,City,1036600.0,Place,143499,87760,93525.0,93525.0,11.083667468591285,35.0,125.0,110.0,132.0,402.0,0.24390413870479932,0.8710862096599977,0.7665558645007979,0.9198670374009575,0.7003533125666381
TRACY,City,653900.0,Place,95358,88531,88531.0,88531.0,7.386113338830466,538.0,595.0,442.0,510.0,2085.0,5.641896851863503,6.239644287841608,4.635164328110908,5.348266532435663,5.46624300006292
TRINIDAD,City,777500.0,Place,424,61135,61135.0,61135.0,12.717755786374417,0.0,0.0,0.0,0.0,0.0,0.0,0.0,0.0,0.0,0.0
TRUCKEE,City,884000.0,Place,16942,84905,84905.0,84905.0,10.411636534950828,216.0,78.0,183.0,130.0,607.0,12.749380238460631,4.6039428638885616,10.801558257584702,7.673238106480935,8.957029866603708
TULARE,City,301200.0,Place,69984,69489,69489.0,69489.0,4.334498985450935,73.0,194.0,479.0,509.0,1255.0,1.043095564700503,2.7720621856424326,6.844421582075903,7.273090992226795,4.483167581161409
TULELAKE,City,112200.0,Place,837,55499,,55499.0,2.0216580478927546,0.0,0.0,0.0,0.0,0.0,0.0,0.0,0.0,0.0,0.0
TURLOCK,City,443900.0,Place,72400,79661,79661.0,79661.0,5.572362887736785,80.0,80.0,131.0,0.0,291.0,1.1049723756906078,1.1049723756906078,1.8093922651933703,0.0,1.0048342541436464
TUSTIN,City,890600.0,Place,79035,113702,93525.0,93525.0,9.522587543437584,30.0,79.0,241.0,85.0,435.0,0.37957866767887644,0.9995571582210414,3.049281963686974,1.0754728917568166,1.375972670335927
TWENTYNINE PALMS,City,238400.0,Place,28738,82184,86031.0,86031.0,2.771094140484244,14.0,25.0,5.0,3.0,47.0,0.4871598580276985,0.8699283179066045,0.1739856635813209,0.10439139814879254,0.4088663094161041
UKIAH,City,448100.0,Place,16419,64688,64688.0,64688.0,6.927096215681424,44.0,25.0,5.0,2.0,76.0,2.6798221572568366,1.5226262257141117,0.3045252451428223,0.12181009805712893,1.1571959315427247
UNION CITY,City,1058200.0,Place,68141,126240,133780.0,133780.0,7.910001494991778,0.0,0.0,0.0,0.0,0.0,0.0,0.0,0.0,0.0,0.0
UPLAND,City,688800.0,Place,78940,82184,86031.0,86031.0,8.006416291801793,323.0,81.0,235.0,108.0,747.0,4.091715226754498,1.0260957689384342,2.9769445148213833,1.3681276919179124,2.365720800608057
VACAVILLE,City,596700.0,Place,102085,99994,99994.0,99994.0,5.967358041482489,137.0,95.0,107.0,146.0,485.0,1.3420189058137826,0.9305970514767106,1.048146152715874,1.4301807317431554,1.1877357104373805
VALLEJO,City,557500.0,Place,124637,99994,99994.0,99994.0,5.575334520071205,18.0,0.0,26.0,183.0,227.0,0.14441939391994352,0.0,0.20860579121769618,1.4682638381860924,0.455322255830933
VERNON,City,675000.0,Place,371,87760,93525.0,93525.0,7.217321571772254,0.0,0.0,0.0,0.0,0.0,0.0,0.0,0.0,0.0,0.0
VICTORVILLE,City,342500.0,Place,135983,82184,86031.0,86031.0,3.9811230835396545,605.0,679.0,500.0,444.0,2228.0,4.449085547458138,4.993271217725745,3.676930204510858,3.265114021605642,4.096100247825095
VILLA PARK,City,1686200.0,Place,5776,113702,93525.0,93525.0,18.029403902699812,0.0,0.0,1.0,3.0,4.0,0.0,0.0,0.1731301939058172,0.5193905817174516,0.1731301939058172
VISALIA,City,340600.0,Place,142649,69489,69489.0,69489.0,4.9014952006792445,596.0,702.0,761.0,491.0,2550.0,4.178087473448815,4.9211701449011205,5.3347727639170275,3.4420150158781344,4.469011349536274
VISTA,City,674400.0,Place,98646,102285,102285.0,102285.0,6.59334213227746,542.0,237.0,65.0,221.0,1065.0,5.494394096060661,2.4025302597165625,0.6589218011880867,2.240334124039495,2.699045070251201
WALNUT,City,972500.0,Place,27857,87760,93525.0,93525.0,10.398289227479284,13.0,7.0,23.0,83.0,126.0,0.46666905984133256,0.25128333991456364,0.8256452597192807,2.9795024589869694,1.1307750296155366
WALNUT CREEK,City,1031100.0,Place,69790,125727,133780.0,133780.0,7.7074301091344,28.0,211.0,405.0,51.0,695.0,0.40120361083249745,3.0233557816306065,5.803123656684339,0.7307637197306204,2.489611692219516
WASCO,City,251900.0,Place,26222,67660,67660.0,67660.0,3.723026899201892,100.0,93.0,91.0,25.0,309.0,3.8135916406071235,3.5466402257646252,3.4703683929524827,0.9533979101517809,2.945999542369003
WATERFORD,City,372900.0,Place,9177,79661,79661.0,79661.0,4.681086102358745,0.0,0.0,0.0,0.0,0.0,0.0,0.0,0.0,0.0,0.0
WATSONVILLE,City,657700.0,Place,51968,109266,109266.0,109266.0,6.019255761169989,22.0,35.0,14.0,139.0,210.0,0.42333743842364535,0.6734913793103449,0.2693965517241379,2.6747229064039413,1.0102370689655173
WEED,City,206500.0,Place,2765,55499,,55499.0,3.7207877619416565,0.0,0.0,1.0,6.0,7.0,0.0,0.0,0.3616636528028933,2.1699819168173597,0.6329113924050632
WEST COVINA,City,712300.0,Place,107436,87760,93525.0,93525.0,7.616145415664261,7.0,52.0,330.0,141.0,530.0,0.06515506906437321,0.484009084478201,3.071596113034737,1.3124092482966605,1.2332923787184928
WEST HOLLYWOOD,City,969900.0,Place,35090,87760,93525.0,93525.0,10.370489174017642,113.0,115.0,29.0,105.0,362.0,3.220290681105728,3.2772869763465375,0.8264462809917356,2.9923055001424905,2.579082359646623
WESTLAKE VILLAGE,City,1212800.0,Place,7829,87760,93525.0,93525.0,12.967655707030206,0.0,0.0,0.0,0.0,0.0,0.0,0.0,0.0,0.0,0.0
WESTMINSTER,City,820000.0,Place,90147,113702,93525.0,93525.0,8.767709168671479,43.0,125.0,136.0,156.0,460.0,0.4769986799338857,1.3866240695752494,1.5086469876978712,1.730506838829911,1.2756941440092293
WESTMORLAND,City,218600.0,Place,1734,56393,56393.0,56393.0,3.8763676342808506,0.0,3.0,0.0,5.0,8.0,0.0,1.7301038062283738,0.0,2.883506343713956,1.1534025374855825
WEST SACRAMENTO,City,497100.0,Place,54496,88818,93986.0,93986.0,5.289085608494882,-7.0,0.0,0.0,0.0,-7.0,-0.1284497944803288,0.0,0.0,0.0,-0.0321124486200822
WHEATLAND,City,387300.0,Place,3790,73313,74762.0,74762.0,5.18043926058693,1.0,19.0,29.0,37.0,86.0,0.2638522427440633,5.013192612137203,7.651715039577836,9.762532981530342,5.672823218997361
WHITTIER,City,751700.0,Place,85925,87760,93525.0,93525.0,8.03742314889067,617.0,278.0,240.0,134.0,1269.0,7.180680826302008,3.235379691591504,2.7931335466977014,1.5594995635728832,3.6921734070410244
WILDOMAR,City,511900.0,Place,36953,89672,86031.0,86031.0,5.950180748799851,10.0,25.0,34.0,102.0,171.0,0.27061402321868316,0.676535058046708,0.9200876789435228,2.760263036830569,1.1568749492598707
WILLIAMS,City,339900.0,Place,5569,75149,,75149.0,4.523014278300443,0.0,14.0,9.0,0.0,23.0,0.0,2.513916322499551,1.6160890644639971,0.0,1.032501346740887
WILLITS,City,306800.0,Place,4945,64688,64688.0,64688.0,4.742765273311897,3.0,2.0,2.0,0.0,7.0,0.6066734074823054,0.4044489383215369,0.4044489383215369,0.0,0.3538928210313448
WILLOWS,City,286200.0,Place,6239,70487,,70487.0,4.06032318016088,6.0,0.0,-1.0,20.0,25.0,0.9616925789389325,0.0,-0.16028209648982208,3.2056419297964416,1.001763103061388
WINDSOR,City,763200.0,Place,26179,102840,102840.0,102840.0,7.421236872812135,61.0,31.0,26.0,86.0,204.0,2.3301119217693573,1.1841552389319683,0.9931624584590704,3.285075824133848,1.948126360823561
WINTERS,City,598700.0,Place,7453,88818,93986.0,93986.0,6.370097674121678,163.0,74.0,0.0,0.0,237.0,21.870387763316785,9.928887696229706,0.0,0.0,7.949818864886623
WOODLAKE,City,263700.0,Place,7651,69489,69489.0,69489.0,3.794845227302163,54.0,25.0,13.0,0.0,92.0,7.05790092798327,3.2675467259181805,1.6991242974774539,0.0,3.006142987844726
WOODLAND,City,505200.0,Place,61256,88818,93986.0,93986.0,5.3752686570340265,0.0,65.0,305.0,355.0,725.0,0.0,1.0611205432937183,4.979104087762831,5.79535065952723,2.958893822645945
WOODSIDE,City,2000001.0,Place,5181,156000,133780.0,133780.0,14.949925250411123,-5.0,0.0,0.0,19.0,14.0,-0.9650646593321753,0.0,0.0,3.667245705462266,0.6755452615325226
YORBA LINDA,City,1091700.0,Place,67407,113702,93525.0,93525.0,11.672814755412992,21.0,15.0,38.0,22.0,96.0,0.31154034447460943,0.2225288174818639,0.5637396709540552,0.3263755989734004,0.35604610797098224
YOUNTVILLE,City,748900.0,Place,3396,108970,108970.0,108970.0,6.872533724878407,1.0,0.0,0.0,0.0,1.0,0.2944640753828033,0.0,0.0,0.0,0.07361601884570082
YREKA,City,245100.0,Place,7832,55499,,55499.0,4.416295789113318,0.0,1.0,0.0,51.0,52.0,0.0,0.12768130745658837,0.0,6.511746680286006,1.6598569969356485
YUBA CITY,City,405900.0,Place,69545,75450,74762.0,74762.0,5.429228752574837,0.0,0.0,0.0,0.0,0.0,0.0,0.0,0.0,0.0,0.0
YUCAIPA,City,466000.0,Place,54348,82184,86031.0,86031.0,5.416652137020376,17.0,68.0,116.0,249.0,450.0,0.3127989990432031,1.2511959961728123,2.1343931699418563,4.581585338926915,2.0699933760211966
YUCCA VALLEY,City,321300.0,Place,21744,82184,86031.0,86031.0,3.734700282456324,0.0,0.0,0.0,14.0,14.0,0.0,0.0,0.0,0.6438557763061075,0.16096394407652687
ALAMEDA COUNTY,County,1057400.0,County,1651949,126240,,126240.0,8.376108998732573,102.0,17.0,53.0,46.0,218.0,0.061745247583309175,0.010290874597218195,0.032083314920739084,0.02784589596894335,0.03299133326755245
ALPINE COUNTY,County,466100.0,County,1695,110781,,110781.0,4.207400185952465,1.0,0.0,5.0,5.0,11.0,0.5899705014749262,0.0,2.949852507374631,2.949852507374631,1.6224188790560472
AMADOR COUNTY,County,422800.0,County,41029,81526,,81526.0,5.186075607781566,44.0,65.0,48.0,37.0,194.0,1.072412196251432,1.584245289916888,1.1699042140924711,0.9018011650296132,1.182090716322601
BUTTE COUNTY,County,408700.0,County,209470,68574,,68574.0,5.959984833902062,52.0,3.0,297.0,-56.0,296.0,0.2482455721583043,0.014321859932209862,1.4178641332887765,-0.2673413854012508,0.35327254499451
CALAVERAS COUNTY,County,441800.0,County,45995,79877,,79877.0,5.531003918524732,51.0,95.0,182.0,245.0,573.0,1.1088161756712687,2.0654418958582457,3.956951842591586,5.326665941950211,3.114468964017828
COLUSA COUNTY,County,375100.0,County,21895,75149,,75149.0,4.991417051457771,0.0,18.0,17.0,1.0,36.0,0.0,0.8221055035396209,0.7764329755651975,0.04567252797442338,0.4110527517698105
CONTRA COSTA COUNTY,County,830800.0,County,1161458,125727,,125727.0,6.607968057775975,341.0,149.0,439.0,216.0,1145.0,0.2935964968169318,0.12828703233349806,0.3779732026470178,0.185973147543863,0.24645746983532765
DEL NORTE COUNTY,County,319600.0,County,27293,66780,,66780.0,4.78586403114705,30.0,25.0,66.0,50.0,171.0,1.0991829406807607,0.9159857839006339,2.418202469497673,1.8319715678012678,1.5663356904700838
EL DORADO COUNTY,County,640500.0,County,192299,106190,,106190.0,6.031641397495056,133.0,549.0,426.0,472.0,1580.0,0.6916312617330304,2.854929042792734,2.2153001315659466,2.4545109438946637,2.0540928449965934
FRESNO COUNTY,County,362600.0,County,1012152,71434,,71434.0,5.076014222919058,33.0,81.0,-17.0,11.0,108.0,0.032603798638939606,0.08002750575012449,-0.016795896268544646,0.010867932879646535,0.026675835250041496
GLENN COUNTY,County,338400.0,County,28623,70487,,70487.0,4.800885269624186,26.0,18.0,13.0,3.0,60.0,0.908360409460923,0.6288648988575621,0.4541802047304615,0.10481081647626035,0.5240540823813018
HUMBOLDT COUNTY,County,418800.0,County,135418,61135,,61135.0,6.850413020364766,8.0,16.0,13.0,70.0,107.0,0.05907634140217696,0.11815268280435393,0.09599905477853757,0.5169179872690484,0.19753651656352922
IMPERIAL COUNTY,County,279500.0,County,179319,56393,,56393.0,4.956288901104747,4.0,7.0,4.0,23.0,38.0,0.02230661558451698,0.039036577272904716,0.02230661558451698,0.1282630396109726,0.05297821201322782
INYO COUNTY,County,338400.0,County,18803,72432,,72432.0,4.671968190854871,0.0,3.0,7.0,20.0,30.0,0.0,0.1595490081369994,0.3722810189863319,1.0636600542466628,0.39887252034249854
KERN COUNTY,County,310600.0,County,910433,67660,,67660.0,4.590600059119125,472.0,581.0,484.0,316.0,1853.0,0.5184346349484257,0.638157887510668,0.531615176514911,0.3470875945841155,0.50882382338953
KINGS COUNTY,County,305700.0,County,152830,68750,,68750.0,4.446545454545454,13.0,49.0,96.0,24.0,182.0,0.08506183340967088,0.32061767977491334,0.6281489236406465,0.1570372309101616,0.29771641693384804
LAKE COUNTY,County,316800.0,County,68139,58738,,58738.0,5.393442064762164,15.0,-7.0,33.0,27.0,68.0,0.22013824681900235,-0.10273118184886776,0.48430414300180513,0.3962488442742042,0.249490013061536
LASSEN COUNTY,County,259500.0,County,31177,64395,,64395.0,4.029815979501514,0.0,0.0,-12.0,13.0,1.0,0.0,0.0,-0.3848991243544921,0.4169740513840331,0.008018731757385253
LOS ANGELES COUNTY,County,783300.0,County,9848406,87760,,87760.0,8.925478577939836,548.0,860.0,1244.0,1616.0,4268.0,0.05564352241367791,0.08732377605066241,0.12631485745002796,0.1640874675556633,0.1083424058675079
MADERA COUNTY,County,367700.0,County,158790,75496,,75496.0,4.8704567129384335,544.0,162.0,643.0,966.0,2315.0,3.4259084325209397,1.0202153788021915,4.04937338623339,6.083506518042698,3.644750928899805
MARIN COUNTY,County,1390000.0,County,258765,142785,,142785.0,9.734916132646987,36.0,18.0,11.0,29.0,94.0,0.13912236971769754,0.06956118485884877,0.042509612969296465,0.11207079782814523,0.090815991343497
MARIPOSA COUNTY,County,358000.0,County,17060,65378,,65378.0,5.47584814463581,142.0,224.0,282.0,326.0,974.0,8.32356389214537,13.13012895662368,16.52989449003517,19.10902696365768,14.273153575615474
MENDOCINO COUNTY,County,486000.0,County,90709,64688,,64688.0,7.512985406876082,208.0,177.0,63.0,117.0,565.0,2.2930469964391627,1.9512947998544796,0.6945286575753233,1.289838935497029,1.5571773473414985
MERCED COUNTY,County,368400.0,County,285597,65044,,65044.0,5.663858311296968,45.0,41.0,41.0,71.0,198.0,0.15756468030126367,0.14355893094115135,0.14355893094115135,0.2486020511419938,0.17332114833139006
MODOC COUNTY,County,212000.0,County,8646,56648,,56648.0,3.7424092642282165,0.0,0.0,-1.0,0.0,-1.0,0.0,0.0,-0.11566042100393245,0.0,-0.028915105250983113
MONO COUNTY,County,514300.0,County,13169,86953,,86953.0,5.91468954492657,0.0,-2.0,9.0,20.0,27.0,0.0,-0.1518718201837649,0.6834231908269421,1.518718201837649,0.5125673931202066
MONTEREY COUNTY,County,723100.0,County,435834,94486,,94486.0,7.65298562750037,217.0,26.0,90.0,108.0,441.0,0.49789598792200707,0.05965574048835107,0.20650064015198447,0.24780076818238136,0.25296328418618097
NAPA COUNTY,County,838800.0,County,136070,108970,,108970.0,7.697531430668992,29.0,20.0,25.0,26.0,100.0,0.21312559711912984,0.1469831704269861,0.18372896303373265,0.19107812155508194,0.18372896303373265
NEVADA COUNTY,County,602800.0,County,102452,84905,,84905.0,7.099699664330722,131.0,107.0,111.0,98.0,447.0,1.278647561785031,1.0443915199312848,1.0834341935735758,0.9565455042361302,1.0907546948815054
ORANGE COUNTY,County,915500.0,County,3164063,113702,,113702.0,8.051749309598776,118.0,368.0,533.0,355.0,1374.0,0.03729382126714923,0.11630615446026202,0.16845429436771645,0.11219751313422015,0.10856294580733696
PLACER COUNTY,County,658800.0,County,412435,114678,,114678.0,5.744781039083346,277.0,663.0,913.0,888.0,2741.0,0.6716209827003043,1.6075260344054214,2.2136821559760933,2.153066543819026,1.6614739292252114
PLUMAS COUNTY,County,327400.0,County,19607,64946,,64946.0,5.0411110768946505,3.0,-18.0,-6.0,12.0,-9.0,0.15300657928290917,-0.918039475697455,-0.30601315856581834,0.6120263171316367,-0.11475493446218188
RIVERSIDE COUNTY,County,510300.0,County,2449909,89672,,89672.0,5.690739584262646,2210.0,1766.0,2405.0,3495.0,9876.0,0.9020743219442029,0.720843100702924,0.9816691150569266,1.4265835996357417,1.0077925343349488
SACRAMENTO COUNTY,County,498900.0,County,1584047,88724,,88724.0,5.623055768450476,290.0,616.0,553.0,711.0,2170.0,0.18307537592003267,0.38887735023013836,0.3491058030475106,0.44885031820394217,0.3424772118504059
SAN BENITO COUNTY,County,751500.0,County,66056,108289,,108289.0,6.939763041490825,168.0,62.0,164.0,140.0,534.0,2.5432965968269348,0.9385975535908925,2.4827419159501027,2.1194138306891124,2.0210124742642606
SAN BERNARDINO COUNTY,County,475000.0,County,2187816,82184,,82184.0,5.779713812907622,584.0,360.0,633.0,0.0,1577.0,0.26693286821195206,0.16454765848681974,0.28932963283932467,0.0,0.18020253988452412
SAN DIEGO COUNTY,County,791600.0,County,3282782,102285,,102285.0,7.739160189666129,1064.0,1287.0,1260.0,923.0,4534.0,0.3241153387584067,0.3920455272387871,0.38382079589811324,0.28116396397933213,0.3452864064686598
SAN FRANCISCO COUNTY,County,1380500.0,County,836321,141446,,141446.0,9.759908374927534,0.0,0.0,0.0,0.0,0.0,0.0,0.0,0.0,0.0,0.0
SAN JOAQUIN COUNTY,County,494500.0,County,787416,88531,,88531.0,5.585614078684302,231.0,605.0,236.0,0.0,1072.0,0.29336462556005977,0.7683359240858707,0.29971450923019094,0.0,0.34035376471903034
SAN LUIS OBISPO COUNTY,County,777200.0,County,281486,93398,,93398.0,8.321377331420374,288.0,-4.0,180.0,181.0,645.0,1.0231414706237612,-0.014210298203107792,0.6394634191398507,0.6430159936906277,0.572852646312783
SAN MATEO COUNTY,County,1494500.0,County,745100,156000,,156000.0,9.580128205128204,77.0,59.0,35.0,83.0,254.0,0.10334183331096497,0.07918400214736276,0.04697356059589317,0.11139444369883236,0.08522345993826332
SANTA BARBARA COUNTY,County,735700.0,County,443975,95977,,95977.0,7.665378163518343,151.0,-1.0,132.0,36.0,318.0,0.34010924038515683,-0.0022523790753983895,0.29731403795258743,0.08108564671434201,0.179064136494172
SANTA CLARA COUNTY,County,1382800.0,County,1903297,159674,,159674.0,8.660145045530268,0.0,0.0,86.0,70.0,156.0,0.0,0.0,0.045184750461961534,0.036778285259736136,0.020490758930424416
SANTA CRUZ COUNTY,County,1015200.0,County,266021,109266,,109266.0,9.291087804074461,61.0,59.0,161.0,187.0,468.0,0.22930520522815867,0.2217870017780551,0.6052153777333369,0.7029520225846833,0.4398149018310585
SHASTA COUNTY,County,347200.0,County,181554,71931,,71931.0,4.826847951509085,-40.0,2.0,47.0,64.0,73.0,-0.22032012514183108,0.011016006257091555,0.2588761470416515,0.35251220022692975,0.10052105709596043
SIERRA COUNTY,County,334100.0,County,2731,60000,,60000.0,5.568333333333333,1.0,5.0,6.0,8.0,20.0,0.3661662394727206,1.8308311973636031,2.1969974368363236,2.9293299157817647,1.8308311973636031
SISKIYOU COUNTY,County,284500.0,County,43834,55499,,55499.0,5.126218490423251,0.0,0.0,0.0,23.0,23.0,0.0,0.0,0.0,0.5247068485650408,0.1311767121412602
SOLANO COUNTY,County,589600.0,County,450824,99994,,99994.0,5.896353781226874,-48.0,-31.0,14.0,12.0,-53.0,-0.10647170514435789,-0.06876297623906447,0.03105424733377105,0.02661792628608947,-0.02939062694089046
SONOMA COUNTY,County,779000.0,County,485642,102840,,102840.0,7.574873590042785,175.0,66.0,231.0,187.0,659.0,0.3603477458704148,0.13590257844255643,0.4756590245489476,0.38505730558724327,0.3392416636122905
STANISLAUS COUNTY,County,426600.0,County,552250,79661,,79661.0,5.355192628764389,73.0,53.0,70.0,93.0,289.0,0.13218650973291082,0.09597102761430511,0.12675418741511996,0.16840199185151652,0.1308284291534631
SUTTER COUNTY,County,399400.0,County,98971,75450,,75450.0,5.293571901921802,14.0,23.0,20.0,13.0,70.0,0.14145557789655555,0.23239130654434126,0.20207939699507937,0.1313516080468016,0.17681947237069445
TEHAMA COUNTY,County,315600.0,County,65520,61834,,61834.0,5.103988097163373,51.0,50.0,48.0,0.0,149.0,0.7783882783882784,0.7631257631257631,0.7326007326007326,0.0,0.5685286935286935
TRINITY COUNTY,County,329000.0,County,15886,53498,,53498.0,6.14976260794796,45.0,32.0,3.0,0.0,80.0,2.8326828654160896,2.014352259851442,0.18884552436107263,0.0,1.258970162407151
TULARE COUNTY,County,303000.0,County,475774,69489,,69489.0,4.360402365842075,0.0,0.0,-1.0,0.0,-1.0,0.0,0.0,-0.002101838267748973,0.0,-0.0005254595669372433
TUOLUMNE COUNTY,County,406200.0,County,54873,72259,,72259.0,5.621445079505667,77.0,64.0,58.0,59.0,258.0,1.4032402092103584,1.1663295245384797,1.0569861316129971,1.0752100304339112,1.1754414739489367
VENTURA COUNTY,County,768400.0,County,838259,107327,,107327.0,7.15942866193968,82.0,41.0,147.0,894.0,1164.0,0.09782179493450116,0.04891089746725058,0.17536346165087402,1.0664961545298053,0.34714807714560775
YOLO COUNTY,County,593800.0,County,217782,88818,,88818.0,6.685581751446779,24.0,5.0,34.0,19.0,82.0,0.11020194506433038,0.02295873855506883,0.15611942217446806,0.08724320650926155,0.0941308280757822
YUBA COUNTY,County,380000.0,County,83079,73313,,73313.0,5.183255357167215,491.0,597.0,374.0,623.0,2085.0,5.910037434249329,7.1859314628245405,4.501739308369143,7.498886601909026,6.27414870183801
